94444CON.B,BLEND-Salt Terminator CONC,D220757,1500,4/28/2022
602037,BLEND-MILDEW STAIN RMVR KPK,D220756,2700,4/27/2022
602037,BLEND-MILDEW STAIN RMVR KPK,D220755,2700,4/27/2022
300355.B,BLEND-ITW Low Conductivity AF,D220754,250,4/27/2022
18500.B,BLEND-SEMI SYN Hydraulic Fluid,D220753,150,4/26/2022
18500.B,BLEND-SEMI SYN Hydraulic Fluid,D220752,200,4/26/2022
234526-35.B,BLEND-SPLASH -20 ALL SEASON,D220751,475,4/25/2022
052000G8/16,BLEND-RVAF -50 (PG8% /GLYC16%),D220750,2925,4/25/2022
052000G8/16,BLEND-RVAF -50 (PG8% /GLYC16%),D220749,2925,4/25/2022
052000G8/16,BLEND-RVAF -50 (PG8% /GLYC16%),D220748,2925,4/25/2022
052000G8/16,BLEND-RVAF -50 (PG8% /GLYC16%),D220747,2925,4/25/2022
052000G8/16,BLEND-RVAF -50 (PG8% /GLYC16%),D220746,2925,4/25/2022
052000G8/16,BLEND-RVAF -50 (PG8% /GLYC16%),D220745,2925,4/25/2022
052000G8/16,BLEND-RVAF -50 (PG8% /GLYC16%),D220744,2925,4/25/2022
052000G8/16,BLEND-RVAF -50 (PG8% /GLYC16%),D220743,2925,4/25/2022
052000G8/16,BLEND-RVAF -50 (PG8% /GLYC16%),D220742,2925,4/25/2022
052000G8/16,BLEND-RVAF -50 (PG8% /GLYC16%),D220741,2925,4/25/2022
052000G8/16,BLEND-RVAF -50 (PG8% /GLYC16%),D220740,2925,4/25/2022
052000G8/16,BLEND-RVAF -50 (PG8% /GLYC16%),D220739,2925,4/25/2022
052000G8/16,BLEND-RVAF -50 (PG8% /GLYC16%),D220738,5100,4/25/2022
052000G8/16,BLEND-RVAF -50 (PG8% /GLYC16%),D220737,5100,4/25/2022
052000G8/16,BLEND-RVAF -50 (PG8% /GLYC16%),D220736,5100,4/25/2022
052000G8/16,BLEND-RVAF -50 (PG8% /GLYC16%),D220735,5100,4/25/2022
052000G8/16,BLEND-RVAF -50 (PG8% /GLYC16%),D220734,5100,4/25/2022
052000G8/16,BLEND-RVAF -50 (PG8% /GLYC16%),D220733,5100,4/25/2022
052000G8/16,BLEND-RVAF -50 (PG8% /GLYC16%),D220732,5100,4/25/2022
235826-35.B,BLEND-Splash/S'Tech +32 nonrep,D220731,5100,4/25/2022
234526-35.B,BLEND-SPLASH -20 ALL SEASON,D220730,5100,4/25/2022
234526-35.B,BLEND-SPLASH -20 ALL SEASON,D220729,5100,4/25/2022
234526-35.B,BLEND-SPLASH -20 ALL SEASON,D220728,3000,4/25/2022
234526-35.B,BLEND-SPLASH -20 ALL SEASON,D220727,2400,4/25/2022