billno,po,description,blendPN,case_size,qty,bottle,cap,runtime,carton,starttime,line
,,0x2a,,0x2a,,,,0,,0,BLISTER
85121,240335,"Permatex Canadian Black LET 6pk (LG) -  PX lot # on carton label and can  4""x4"" LQ only  Cust. PO# 180579",602025,6-4oz LET,800,,607510   4oz,8,604023,0,BLISTER
14512EN,239963,Startron Concentrate (DSL) Dispenser - EN 12pk  ,93100DSL.B,12-1oz,75,Transblue ST 1oz,607532BLUE,0.41666666666666663,502428,8,BLISTER
14512,239964,Startron Concentrate (DSL) Dispenser Kit  12pk  ,93100DSL.B,12-1oz,50,Transblue ST 1oz,607532BLUE,0.27777777777777773,502428,8.416666666666666,BLISTER
14512,240118,Startron Concentrate (DSL) Dispenser Kit  12pk  ,93100DSL.B,12-1oz,50,Transblue ST 1oz,607532BLUE,0.27777777777777773,502428,8.694444444444445,BLISTER
14312,239965,Startron AUTO Gas Dispenser Kit  14308.B     14311A1  ,14308.B,12-1oz,100,Transblue ST 1oz,607532RED,0.5555555555555555,502428,8.972222222222223,BLISTER
14324,239965,Startron AUTO GAS 24pk-1oz Trayed Displays  PALLETIZE UPSIDE DOWN 14311A1,14308.B,24-1oz,300,Transblue ST 1oz,607532RED,3.333333333333333,502425,9.527777777777779,BLISTER
14301C,239965,Startron AUTO Gas Canadian 1.125oz - BLISTER PACK -14301CA1 / RED CAP - PALLETIZE UPSIDE DOWN                     ,14308.B,12-1oz-2pk,100,Transblue ST 1oz,607532RED,1.111111111111111,502419,12.86111111111111,BLISTER
HF-1,240109,Aquarium Systems Epoxy Stick (green) 12pk      Cust. PO# 4502592719     ,,12pk blister,480,,,4,604024,13.972222222222221,BLISTER
084108B,239965,SB Clear LET 12pk (SM)           LITHO can,602034,12-4oz LET,40,,607510   4oz,0.8,604045,17.97222222222222,BLISTER
544197,239965,WM Liquid Rope Clear  12pk (SM) - 544189A2 / UPC overlabel required on card,602034,12-4oz LET,20,,607510   4oz,0.4,604045,18.772222222222222,BLISTER
544189,240237,WM Liquid Rope White 12pk (SM) - 544189A2 / UPC overlabel required on card,602028,12-4oz LET,20,,607510   4oz,0.4,604045,19.17222222222222,BLISTER
084107N-KITS,240119,SB WHITE FILLED CANS TO TRAY PACK FOR 084105N        TRAY PACK 2000 ,602028,4oz Filled Can,2000,,607510   4oz,1.6666666666666667,,19.57222222222222,BLISTER
084107N,240119,SB White LET 4pk - CLAM PACK     (need to run 084107N-KITS),,4-4oz clam,500,,,3.7037037037037033,604046,21.238888888888887,BLISTER
084105N-KITS,240119,SB RED FILLED CANS TO TRAY PACK FOR 084105N        TRAY PACK 2000 ,602026,4oz Filled Can,2000,,607510   4oz,1.6666666666666667,,24.94259259259259,BLISTER
084105N,240119,SB Red LET 4pk - CLAM PACK     (need to run 084105N-KITS),,4-4oz clam,500,,,3.7037037037037033,604046,26.609259259259257,BLISTER
084106N-KITS,240119,SB GREEN FILLED CANS TO TRAY PACK FOR 084106N        TRAY PACK 1200 ,602027,4oz Filled Can,1200,,607510   4oz,1,,30.31296296296296,BLISTER
084106N,240119,SB Green LET 4pk - CLAM PACK   (need to run 084106N-KITS),,4-4oz clam,300,,,2.222222222222222,604046,31.31296296296296,BLISTER
,,0x2a,,0x2a,,,,0,,0,INLINE
085100FF-KITS,239996,Premium Teak Oil AMAZON FF        TRAY PACK 720,602032CARB,1gal filled bottle,300,Clear pvc fstyle Gal,607504(wht),0.3125,,0,INLINE
081600FF-KITS,240145,Teak Oil AMAZON FF  - TRAY PACK 300,602032CARB,1gal filled bottle,300,White pvc fstyle Gal,607504(wht),0.5,,0.3125,INLINE
,,,,,,,,1.5,,0.8125,INLINE
11007309,240118,WM Odoraway (nitnut)     33mm cap - RUNS WITH SMALL NOZZLES   ,1170570.B,6-64oz,75,tip & pour HDPE 64oz,400702  (wht),0.5,604065,2.3125,INLINE
,,,,,,,,1.5,,2.8125,INLINE
093132SS-KITS,240040,Startron Diesel AMAZON SS     TRAY PACK 360                                 ,93100DSL.B,32oz filled bottle,360,TransBlue ST 32oz,607521GREEN,0.33,,4.3125,INLINE
14332W,239988,Startron AUTO Gas     PRE-PRINTED   unique footprint for Walmart,14308.B,4-32oz,500,TransBlue ST 32oz,607521RED,1,502430,4.6425,INLINE
093032SS-KITS,240040,Startron Gas AMAZON SS     TRAY PACK 4320          ,93100GAS.B,32oz filled bottle,4320,TransBlue ST 32oz,607521  (wht),1.9999999999999998,,5.6425,INLINE
093032,239965,Startron Gas                         ,93100GAS.B,12-32oz,200,TransBlue ST 32oz,607521  (wht),1.111111111111111,502409,7.6425,INLINE
086032,239965,Premium Restorer Wax                  excelda # 124971 / 607521 ,124971,6-32oz,100,White oval pvc 32oz,607521  (wht),1.66,604005,8.75361111111111,INLINE
086032,240118,Premium Restorer Wax             excelda # 124971 / 607521 ,124971,6-32oz,150,White oval pvc 32oz,607521  (wht),0.7,604005,10.413611111111111,INLINE
085932FF-KITS,240237,Deck Cleaner AMAZON FF  TRAY PACK 1800,602017,32oz filled bottle,1800,White oval pvc 32oz,607517  FLIP,1,,11.11361111111111,INLINE
51JG,240002,Better Boat Salt Off Concentrate   607521BLACK,94444CON.B,12-32oz,50,White oval pvc 32oz,607521BLACK,0.5,604006,12.11361111111111,INLINE
081202A,240119,Teak Cleaner U.S.     TRAY PACK 800,602009,32oz filled bottle,800,White oval pvc 32oz,607521  (wht),0.5,,12.61361111111111,INLINE
081202A,240237,Teak Cleaner U.S.     TRAY PACK 400,602009,32oz filled bottle,400,White oval pvc 32oz,607521  (wht),0.33,,13.11361111111111,INLINE
081202B,240119,Teak Brightener U.S.   TRAY PACK 800,81500.B,32oz filled bottle,800,White oval pvc 32oz,607521  (wht),0.5,,13.44361111111111,INLINE
081202B,240237,Teak Brightener U.S.   TRAY PACK 400,81500.B,32oz filled bottle,400,White oval pvc 32oz,607521  (wht),0.33,,13.94361111111111,INLINE
081202C,240119,Premium Teak Oil U.S.   TRAY PACK 800                               ,602032CARB,32oz filled bottle,800,Clear oval pvc 32oz,607521  (wht),0.5,,14.27361111111111,INLINE
081202C,240237,Premium Teak Oil U.S.   TRAY PACK 400                               ,602032CARB,32oz filled bottle,400,Clear oval pvc 32oz,607521  (wht),0.33,,14.77361111111111,INLINE
081202FF,240237,"32oz Teak Care Kit - AMAZON (FF)   need to run 081202A, B, & C                                                                      ",,4pk-32oz single,100,,,0,604122,15.10361111111111,INLINE
081202FF,240119,"32oz Teak Care Kit - AMAZON (FF)   need to run 081202A, B, & C                                                                      ",,4pk-32oz single,200,,,0,604122,15.10361111111111,INLINE
,,,,,,,,1.5,,15.10361111111111,INLINE
086416,239965,Toilet Bowl Cleaner,602067,12-16oz,200,White oval pvc16oz,607517  FLIP,2.25,604002,16.60361111111111,INLINE
087616,239965,Ultimate Aluminum Polish                  ,91000.B,6-16oz,200,SIKA oval pvc16oz ,607517  FLIP,0.8,604001,18.85361111111111,INLINE
52416,239965,O/C Teak Cleaner/Brightener    ,94900.B,6-16oz,150,White oval pvc16oz,607521  (wht),0.4,604001,19.65361111111111,INLINE
090316N,239988,Boat Wash     unique footprint for Walmart                                                                      ,602000,4-16oz,500,TransBlue oval pvc16oz,607521  (wht),1.1,604037,20.05361111111111,INLINE
084616,240118,Diesel Water Absorber                                                                  ,602014,12-16oz,50,White ST 16oz,607521  (wht),1.5,502408,21.15361111111111,INLINE
095616,239965,Startron Ring Cleaner                       ,95600.B,6-16oz,300,TransBLACK ST 16oz,607521  (wht),1,502424,22.65361111111111,INLINE
920016,239988,Startron Marine Gas  pre-printed carton    unique footprint for Walmart,93100GAS.B,3-16oz,500,TransBlue ST 16oz,607521  (wht),0.8,502431,23.65361111111111,INLINE
14316,239965,Startron AUTO Gas    ,14308.B,12-16oz,500,TransBlue ST 16oz,607521RED,2.7777777777777772,502408,24.453611111111112,INLINE
14816,240149,BOTTLE  Startron STORAGE+ 6-16oz  trans orange bottle,14800.B,6-16oz,500,Orange ST 16oz,607521BLACK,1.5,502424,27.23138888888889,INLINE
,,,,,,,,1.5,,28.73138888888889,INLINE
14808,240149,Startron STORAGE+ 6-8oz,14800.B,6-8oz,3750,Orange ST 8oz,607508BLACK,10.416666666666666,502413,30.23138888888889,INLINE
14408,239965,Startron AUTO Diesel      ,93100GAS.B,6-8oz,100,TransBlue ST 8oz,607508GREEN,0.4,502413,40.64805555555556,INLINE
093008SS-KITS,240341,Startron Gas AMAZON SS   TRAY PACK 1536                              ,93100GAS.B,8oz filled bottle,1536,TransBlue ST 8oz,607508  (wht),0.8,,41.04805555555556,INLINE
093008SS,240341,Startron Gas AMAZON SS   uses 093008SS-KITS  outer carton 604087   (uses inner carton transparency label)                                 ,,12-8oz single.,128,,,0,604086,41.848055555555554,INLINE
093108SS-KITS,240119,Startron Diesel AMAZON SS    TRAY PACK 600                               ,93100DSL.B,6-8oz single,600,TransBlue ST 8oz,607508GREEN,1.6666666666666665,,41.848055555555554,INLINE
093108SS,240119,Startron Diesel AMAZON SS    uses 093108SS-KITS    outer carton 604094            ,,6-8oz single.,100,,,0,604086,43.51472222222222,INLINE
093108,240118,Startron Diesel                                          ,93100DSL.B,12-8oz,200,TransBlue ST 8oz,607508GREEN,1.111111111111111,502407,43.51472222222222,INLINE
14616,239965,Startron AUTO Gas Mini Display Powersports 8oz  ,14308.B,6-8oz,200,TransBlue ST 8oz,607508RED,0.75,502413,44.62583333333333,INLINE
14308,239848,Startron AUTO Gas        uses pre-printed carton,14308.B,6-8oz,5000,TransBlue ST 8oz,607508RED,13.888888888888888,14308CTN,45.37583333333333,INLINE
14690,239965,Startron AUTO Gas 18-8oz     ,14308.B,18-8oz,500,TransBlue ST 8oz,607508RED,4.4,502421TRAY,59.26472222222222,INLINE
093008,239965,Startron Gas                                    ,93100GAS.B,12-8oz,1000,TransBlue ST 8oz,607508  (wht),5.5555555555555545,502407,63.66472222222222,INLINE
920008,239988,Startron Gas      pre-printed carton    unique footprint for Walmart,93100GAS.B,6-8oz,2000,TransBlue ST 8oz,607508  (wht),5.5555555555555545,920008BOX,69.22027777777777,INLINE
118-9775,240256,Sierra Ethanol Treatment                   ,93100GASBLUE.B,12-8oz,50,Clear ST 8oz,607508  (wht),0.5,502407,74.77583333333332,INLINE
093008PC,239965,Startron Gas Canadian                                   ,93100GAS.B,6-8oz,500,TransBlue ST 8oz,607508  (wht),1.3888888888888886,502413,75.27583333333332,INLINE
088708GF,240070,Rain View G/F                ,602024,6-8oz,50,White oval pvc 8oz,607516  FLIP,1.5,604072,76.66472222222221,INLINE
11007283,239965,WM Headchem Trt Mint 4pk       ,5359351.B,4pk-4-8oz,300,Clear round pvc 8oz,607519  (wht),3.25,604060,78.16472222222221,INLINE
7-2727,240236,Marpro Toilet Treatment Lemon                                                       ,602010,4pk-4-8oz,50,Clear round pvc 8oz,607519  (wht),0.5,604060,81.41472222222221,INLINE
,,,,,,,,1.5,,81.91472222222221,INLINE
,,,,,,,,1.5,,83.41472222222221,INLINE
,,,,,,,,1.5,,84.91472222222221,INLINE
,,0x2a,,0x2a,,,,0,,0,JB LINE
082200FF-KITS,240237,Water Based  Waterproofing AMAZON FF / TRAY PACK 720,89755.B,1gal filled bottle,756,SIKA pvc fstyle Gal,607504(wht),1,,0,JB LINE
,, ,,,,,,1.5,,1,JB LINE
027200FF-KITS,240119,SB Synthetic 80W90 AMAZON FF   TRAY PACK 720,27200.B,1gal filled bottle,720,BLUE HD Fstyle Gal,502411 (BLK),0.75,,2.5,JB LINE
17997461,240118,WM SAE30                               black bottle / black cap,27800.B,6-1gal,40,BLACK HD Fstyle Gal,502411 (BLK),0.5,050200,3.25,JB LINE
17997511,240118,WM 15W40                               black bottle / black cap,28000.B,6-1gal,80,BLACK HD Fstyle Gal,502411 (BLK),0.75,050200,3.75,JB LINE
028200FF-KITS,240237,Pro Star Synth 10W40    black bottle / black cap   TRAY PACK 240,28200.B,1gal filled bottle,240,BLACK HD Fstyle Gal,502411 (BLK),0.5,,4.5,JB LINE
7-1095,240236,Marpro Deck Cleaner,602017,4-1gal,100,White HD Fstyle Gal,502403     (wht),0.75,604000,5.0,JB LINE
085900N,239774,Deck Cleaner             ,602017,4-1gal,500,White HD Fstyle Gal,502403     (wht),2.0833333333333335,604000,5.75,JB LINE
030200EA-KITS,240040,SB EGAF 1x1   TRAY PACK 160,601013PA,1-1gal,160,White HD Fstyle Gal,502403     (wht),0.5,,7.833333333333334,JB LINE
030200EA,240040,SB EGAF 1x1   uses 030200EA-KITS,,1-1gal.,160,,,0,604097,8.333333333333334,JB LINE
030200N,240387,SB EGAF ,601013PA,6-1gal,320,White HD Fstyle Gal,502403     (wht),2,050200,8.333333333333334,JB LINE
030200N,240301,SB EGAF ,601013PA,6-1gal,175,White HD Fstyle Gal,502403     (wht),1.09375,050200,10.333333333333334,JB LINE
030800C,240119,"PREDILUTED 150,000 Mile AF Canadian     ",601011DIL,6-1gal,200,White HD Fstyle Gal,502403     (wht),1.25,050200,11.427083333333334,JB LINE
043810,239848,ITW Low Conductivity  corner protectors  / DOUBLE WRAP PALLETS ,300355.B,4-1gal,2500,White HD Fstyle Gal,502403     (wht),10.416666666666666,604000,12.677083333333334,JB LINE
030300,240387,EGAF 50/50 Prediluted (green)         ,601009,6-1gal,360,White HD Fstyle Gal,502403     (wht),2.25,050200,23.09375,JB LINE
085600N,240118,Mildew Stain Remover                                         ,602037,4-1gal,200,White HD Fstyle Gal,607512VENT,1.1,604000,25.34375,JB LINE
080400N,239965,Boat Wash                                                                 ,602000,4-1gal,200,Natural HD Fstyle Gal,502403     (wht),1.1,604000,26.44375,JB LINE
7-1093,240236,Marpro Boat Wash                                                                                   ,602000,4-1gal,150,Natural HD Fstyle Gal,502403     (wht),0.625,604000,27.543750000000003,JB LINE
7-1099,240236,Marpro Bilge Cleaner            ,602001,4-1gal,50,White HD Fstyle Gal,502403     (wht),0.4,604000,28.168750000000003,JB LINE
7-1032,240236,Marpro Salt Off Concentrate       ,94444CON.B,4-1gal,50,White HD Fstyle Gal,502403     (wht),0.4,604000,28.56875,JB LINE
089200N,240118,Rust Stain Remover           38MMACID CAP ,602003,4-1gal,150,White HD Fstyle Gal,38MMACID,0.8,604000,28.96875,JB LINE
,, ,,,,,,1.5,,29.76875,JB LINE
7-1097,240236,Marpro Hull Cleaner   120gr rig                                                                                              ,602003,4-1gal,50,120gr Natural RIG,38MMACID,0.33,502406,31.26875,JB LINE
081700FF-KITS,240119,Hull Cleaner AMAZON FF  120gr rig / TRAY PACK 720     ,602003,1gal filled bottle,720,120gr Natural RIG,38MMACID,0.75,,31.59875,JB LINE
081700FF,240119,Hull Cleaner AMAZON FF  uses 081700FF-KITS / (uses BAG)   outer carton 604100                  ,,4-1gal single.,180,,,0,604099,32.348749999999995,JB LINE
3K66,240002,Better Boat Hull Cleaner               ,602003,4-1 gal,150,140gr WHITE RIG,38MMACID,0.8,502406,32.348749999999995,JB LINE
071600FF-KITS,240119,Black Streak Remover AMAZON FF   TRAY PACK 576                                                                ,83200.B,1gal filled bottle,576,140gr WHITE RIG,502403     (wht),0.75,,33.14874999999999,JB LINE
071600FF,240119,Black Streak Remover AMAZON FF   uses 071600FF-KITS       outer carton 604100               ,,4-1gal single.,144,,,0,604099,33.89874999999999,JB LINE
095000FF-KITS,240295,Spider Away AMAZON FF      TRAY PACK 288 ,95022.B,1gal filled bottle,288,140gr WHITE RIG,502403     (wht),0.3,,33.89874999999999,JB LINE
095000FF,240295,Spider Away AMAZON FF      uses 095000FF-KITS        outer carton 604100,,4-1gal single.,72,,,0,604100,34.19874999999999,JB LINE
085600FF-KITS,240385,"Mildew Stain Remover AMAZON FF            TRAY PACK 2,160                                         ",602037,1gal filled bottle,2160,140gr WHITE RIG,607512VENT,0.66,,34.19874999999999,JB LINE
085600FF,240385,Mildew Stain Remover AMAZON FF   uses 085600FF-KITS / uses BAG / outer carton 604100                                                             ,,4-1gal single.,540,,,0,604100,34.858749999999986,JB LINE
080400FF-KITS,240119,"Boat Wash AMAZON FF      TRAY PACK 1,296",602000,1gal filled bottle,1296,120gr Natural RIG,502403     (wht),0.9,,34.858749999999986,JB LINE
080400FF,240119,Boat Wash AMAZON FF  uses 080400FF-KITS           outer carton 604100,,4-1gal single.,324,,,0,604100,35.758749999999985,JB LINE
093800N,240236,Power Pine Bilge Cleaner                                                                             ,93800.B,4-1gal,50,Natural 180gr RIG,502403     (wht),0.4,502406,35.758749999999985,JB LINE
092200FF-KITS,240237,Barnacle Remover FF AMAZON         TRAY PACK 400    1 micron filter,602020,1gal filled bottle,400,Natural 180gr RIG,38MMACID,0.66,,36.15874999999998,JB LINE
092200FF,240237,Barnacle Remover FF AMAZON         uses 092200FF-KITS / USES BAG / 604100 outer carton                                                            ,,4-1gal single.,100,,,0,604099,36.81874999999998,JB LINE
,, ,,,,,,1.5,,36.81874999999998,JB LINE
032300FF-KITS,240341,Aqua Clean Amazon FF     TRAY PACK 640,602042,1gal filled bottle,640,Clear pvc fstyle Gal,607504(wht),0.6666666666666666,,38.31874999999998,JB LINE
032300FF,240341,Aqua Clean Amazon FF    uses 032300FF-KITS               outer carton 604098,,4-1gal single.,160,,,0,604098,38.985416666666644,JB LINE
094400FF-KITS,240238,Super Orange Bilge Cleaner AMAZON FF  TRAY PACK 640,94400.B,1gal filled bottle,640,Clear pvc fstyle Gal,607504(wht),0.8,,38.985416666666644,JB LINE
094400FF,240238,Super Orange Bilge Cleaner AMAZON FF  uses 094400FF-KITS   outer carton 604098,,4-1gal single.,160,,,0,604098,39.78541666666664,JB LINE
094400N,240341,Super Orange Bilge Cleaner                                                                     ,94400.B,4-1gal,40,Clear pvc fstyle Gal,607504(wht),0.4,604000,39.78541666666664,JB LINE
094500N,239848,Super Orange Boat Wash                                                                         ,94500.B,4-1gal,40,Clear pvc fstyle Gal,607504(wht),0.4,604000,40.18541666666664,JB LINE
094500FF-KITS,240342,Super Orange Citrus Boat Wash AMAZON FF  - TRAY PACK 160,94500.B,1gal filled bottle,160,Clear pvc fstyle Gal,607504(wht),0.4,,40.58541666666664,JB LINE
094500FF,240342,Super Orange Citrus Boat Wash AMAZON FF  - uses 094500FF-KITS   outer carton 604098,,4-1gal single.,40,,,0,604098,40.98541666666664,JB LINE
071500N,240119,RV Wash & Wax                   ,602043PURPLE,4-1gal,100,Clear pvc fstyle Gal,607504(wht),0.6,604000,40.98541666666664,JB LINE
MM-FULLF-KITS,240290,Mishimoto Liquid Chill CONC - TRAY PACK 800   ,33200CONC.B,1gal filled bottle,800,Orange pvc fstyle Gal,607504BLK,1,,41.58541666666664,JB LINE
MMRA-LC-FULLF,240290,Mishimoto Liquid Chill CONC  -  USES MM-FULLF-KITS / (uses BAG) / outer carton 604102,,4-1gal FF.,200,,,0,604102,42.58541666666664,JB LINE
082200FF-KITS,240366,Water Based  Waterproofing AMAZON FF / TRAY PACK 480,89755.B,1gal filled bottle,480,SIKA pvc fstyle Gal,607504(wht),0.5,,42.58541666666664,JB LINE
082200FF,240366,Water Based Waterproofing AMAZON FF    uses 082200FF-KITS   outer carton 604098,,4-1gal single.,120,,,0,604103,43.08541666666664,JB LINE
081900NC,240119,Waterproofing  Canadian                                                                   ,602005,4-1gal,200,White pvc fstyle Gal,607504(wht),1,604000,43.08541666666664,JB LINE
081900N,240119,Waterproofing                                                                                   ,602005,4-1gal,300,White pvc fstyle Gal,607504(wht),1.25,604000,44.08541666666664,JB LINE
,, ,,,,,,1.5,,45.33541666666664,JB LINE
081700NC,240119,Hull Cleaner Canadian    120gr rig                                                                              ,602003,4-1gal,150,120gr Natural RIG,38MMACID,0.625,502406,46.83541666666664,JB LINE
081700FF-KITS,240341,Hull Cleaner AMAZON FF  120gr rig / TRAY PACK 1008     ,602003,1gal filled bottle,1008,120gr Natural RIG,38MMACID,1.05,,47.46041666666664,JB LINE
081700FF,240341,Hull Cleaner AMAZON FF  uses 081700FF-KITS / (uses BAG)   outer carton 604100                  ,,4-1gal single.,252,,,0,604099,48.510416666666636,JB LINE
094900FF-KITS,240341,Clnr/Brtnr AMAZON FF  120gr rig  TRAY PACK 576 ,94900.B,1gal filled bottle,576,120gr Natural RIG,38MMACID,0.8,,48.510416666666636,JB LINE
094900FF,240341,Clnr/Brtnr AMAZON FF  120gr rig     uses 094900FF-KITS / uses BAG / outer carton 604100,,4-1gal single.,144,,,0,604099,49.31041666666663,JB LINE
90791,240119,Seachoice EZ On/Off Hull & Bottom Cleaner                                                  ,602020,4-1gal,50,Natural 180gr RIG,38MMACID,0.5,502406,49.31041666666663,JB LINE
STN-G2FF-KITS,240296,Snappy USA TK NU 2 (acid)  - TRAY PACK 144 - handle orientation /  1 micron filter,19902.B,1gal filled bottle,144,Natural 180gr RIG,38MMACID,0.5,,49.81041666666663,JB LINE
STN-G2FF,240296,Snappy USA TK NU 2 (acid) FF AMAZON - (uses STN-G2FF-KITS) - USES BAG -  604100 outer carton,,4-1gal single.,36,,,0,604099,50.31041666666663,JB LINE
STN-G2,240119,Snappy USA TK NU 2 (acid) -  handle orientation /  1 micron filter ,19902.B,4-1gal,360,Natural 180gr RIG,38MMACID,1.5,502406,50.31041666666663,JB LINE
STN-G1,240119,Snappy USA TK NU 1 (caustic)   handle orientation / ,19903USA.B,4-1gal,360,Natural 180gr RIG,502403     (wht),1.75,502406,51.81041666666663,JB LINE
094700N,240119,Power Pine Wash & Wax                                                                                ,94700.B,4-1gal,50,Natural 180gr RIG,502403     (wht),0.5,502406,53.56041666666663,JB LINE
081400FF-KITS,240238,Teak Cleaner AMAZON FF   120gr rig   / TRAY PACK 288,602009,1gal filled bottle,288,120gr Natural RIG,502403     (wht),0.5,,54.06041666666663,JB LINE
081400FF,240238,Teak Cleaner AMAZON FF   uses 081400FF-KITS         outer carton 604100,,4-1gal single.,72,,,0,604099,54.56041666666663,JB LINE
080400FF-KITS,240296,Boat Wash AMAZON FF      TRAY PACK 800,602000,1gal filled bottle,800,120gr Natural RIG,502403     (wht),1,,54.56041666666663,JB LINE
080400FF,240296,Boat Wash AMAZON FF  uses 080400FF-KITS           outer carton 604100,,4-1gal single.,200,,,0,604100,55.56041666666663,JB LINE
071600FF-KITS,240341,Black Streak Remover AMAZON FF   TRAY PACK 576                                                                ,83200.B,1gal filled bottle,576,140gr WHITE RIG,502403     (wht),0.8,,55.56041666666663,JB LINE
071600FF,240341,Black Streak Remover AMAZON FF   uses 071600FF-KITS       outer carton 604100               ,,4-1gal single.,144,,,0,604099,56.36041666666663,JB LINE
080500FF-KITS,240238,Bilge Cleaner AMAZON FF wrap  - TRAY PACK 288,602001,1gal filled bottle,288,140gr WHITE RIG,502403     (wht),0.5,,56.36041666666663,JB LINE
080500FF,240238,Bilge Cleaner AMAZON FF wrap  uses 080500FF-KITS       outer carton 604100,,4-1gal single.,72,,,0,604100,56.86041666666663,JB LINE
085600FF-KITS,240296,Mildew Stain Remover AMAZON FF TRAY PACK 432                                                             ,602037,1gal filled bottle,432,140gr WHITE RIG,607512VENT,0.66,,56.86041666666663,JB LINE
085600FF,240296,Mildew Stain Remover AMAZON FF   uses 085600FF-KITS / uses BAG / outer carton 604100                                                             ,,4-1gal single.,108,,,0,604100,57.52041666666663,JB LINE
085600FF-KITS,240342,Mildew Stain Remover AMAZON FF TRAY PACK 576                                                             ,602037,1gal filled bottle,576,140gr WHITE RIG,607512VENT,0.6,,57.52041666666663,JB LINE
085600FF,240342,Mildew Stain Remover AMAZON FF   uses 085600FF-KITS / uses BAG / outer carton 604100                                                             ,,4-1gal single.,144,,,0,604100,58.12041666666663,JB LINE
085600FF-KITS,240366,Mildew Stain Remover AMAZON FF TRAY PACK 1008                                                             ,602037,1gal filled bottle,1008,140gr WHITE RIG,607512VENT,1.05,,58.12041666666663,JB LINE
085600FF,240366,Mildew Stain Remover AMAZON FF   uses 085600FF-KITS / uses BAG / outer carton 604100                                                             ,,4-1gal single.,252,,,0,604100,59.170416666666625,JB LINE
,, ,,,,,,1.5,,59.170416666666625,JB LINE
,, ,,,,,,1.5,,60.670416666666625,JB LINE
,,0x2a,,0x2a,,,,0,,0,KITS
11012663,239848,WM Toilet Tissue 2ply 12-4pks - printed bag / 71850A1 TWO PLY    32cs per pallet (8 per layer X 4 high),,12-4pk,30,,,0,604068,0,KITS
11012663,240238,WM Toilet Tissue 2ply 12-4pks - printed bag / 71850A1 TWO PLY    32cs per pallet (8 per layer X 4 high),,12-4pk,300,,,0,604068,0,KITS
7841265,239847,WM 5pk Roll Bilge Pads 12pk               ,,12pk,48,,,0,7841265A,0,KITS
7841265,240238,WM 5pk Roll Bilge Pads 12pk               ,,12pk,200,,,0,7841265A,0,KITS
1193275,240118,WM Large Oil Filter Wrench 12pk,,12pk,10,,,0,604054,0,KITS
028402,239964,SB 10mm Adapter 12pk,,12pk,20,,,0,604049,0,KITS
092501,239964,Caulk Rite                                    ,,12pk,40,,,0,604026,0,KITS
085716F,240235,Premium Marine Polish French     (use 40cs - 085716PUN)  euro pallet ,,6-16oz,40,,,0.1111111111111111,,0,KITS
15941420,239965,WM Prem Cleaner Wax          (use 50cs - 089616PUN),,6-16oz,50,,,0.13888888888888887,,0.1111111111111111,KITS
082708SP,240117,Chrome & Stainless Polish S/P            (use 80cs - 082708PUN) / euro pallet  ,,6-8oz,80,,,0.2222222222222222,,0.24999999999999997,KITS
15941446,240118,WM Prem Liquid Wax                         (use 30cs - 085716PUN),,6-16oz,30,,,0.08333333333333333,,0.4722222222222222,KITS
085716FP,240294,Premium Marine Polish (Amazon) - (use 100cs - 085716PW) / bag S1901 / new carton label,,6-16oz,100,,,0.27777777777777773,,0.5555555555555556,KITS
15941438,240236,WM Prem Cleaner Wax          (use 55cs - 089632PUN),,6-32oz,55,,,0.15277777777777776,,0.8333333333333333,KITS
071850,239847,SB Toilet Tissue 2ply 12-4pks           TWO PLY,,12-4pk,100,,,0,604068,0.986111111111111,KITS
18009969,240118,WM Teak Clnr/Brtnr and Teak Oil 16oz  - uses 18009944-kits and 18009969-kits / shrink bag S7728 / 2 cards,,2pk-16oz-6pk,100,,,0,604002,0.986111111111111,KITS
085732SP,239964,Premium Marine Polish S/P  (use 15cs - 085732UN) / euro pallet  ,,6-32oz,30,,,0.08333333333333333,604005,0.986111111111111,KITS
15941453,239964,WM Prem Liquid Wax            (use 50cs - 085732UN),,6-32oz,100,,,0.27777777777777773,604005,1.0694444444444444,KITS
15941453,239963,WM Prem Liquid Wax          (use 95cs - 085732UN),,6-32oz,190,,,0.5277777777777777,604005,1.347222222222222,KITS
084106N,239965,SB Green LET 4pk - CLAM PACK   (need to run 084106N-KITS),,4-4oz clam,400,,,2.962962962962963,604046,1.8749999999999998,KITS
084105N,239965,SB Red LET 4pk - CLAM PACK     (need to run 084105N-KITS),,4-4oz clam,500,,,3.7037037037037033,604046,4.837962962962963,KITS
084107N,239965,SB White LET 4pk - CLAM PACK     (need to run 084107N-KITS),,4-4oz clam,500,,,3.7037037037037033,604046,8.541666666666666,KITS
7-1033,239964,Marpro Salt Off KIT     uses 7-1033-KITS filled bottles  / shrink bag / applicator / UPC cover up ,,6pk,50,,,0,604066,12.24537037037037,KITS
90731,239964,Seachoice Salt Remover KIT     (need to run filled bottles - 90731-kits)    ,,6-32oz.,50,,,0,604066,12.24537037037037,KITS
094000GF,240117,Salt Off Kit G/F 32oz     (need to run 093932GF-KITS)    cover up UPC on bottle,,6pk,40,,,0,604066,12.24537037037037,KITS
084104N,239965,SB Black LET 4pk - CLAM PACK     (need to run 084104N-KITS),,4-4oz clam,1000,,,7.4074074074074066,604046,12.24537037037037,KITS
087764FF,239996,Aluminum Boat Clnr AMAZON FF  uses 087764FF-KITS       (uses BAG) + Sprayer  outer carton 604098,,4-64oz single.,160,,607533 bagged,1.777777777777778,604098,19.65277777777778,KITS
087764FF,240146,Aluminum Boat Clnr AMAZON FF  uses 087764FF-KITS       (uses BAG) + Sprayer  outer carton 604098,,4-64oz single.,480,,607533 bagged,5.333333333333333,604098,21.430555555555557,KITS
087764FF,240295,Aluminum Boat Clnr AMAZON FF  uses 087764FF-KITS       (uses BAG) + Sprayer  outer carton 604098,,4-64oz single.,400,,607533 bagged,4.444444444444445,604098,26.76388888888889,KITS
MMRA-LC-505064F,240290,Mishimoto Liquid Chill 50/50  -   USES MM-505064F-KITS   outer carton 604113,,6-64oz FF.,51,,,0.85,604112MM,31.208333333333336,KITS
081964FF,240146,Waterproofing Amazon FF     uses 081964FF-KITS  + 607533  outer carton 604098,,4-64oz single.,400,,607533 bagged,4.444444444444445,604098,32.05833333333334,KITS
081964FF,240118,Waterproofing Amazon FF     uses 081964FF-KITS  + 607533  outer carton 604098,,4-64oz single.,800,,607533 bagged,8.88888888888889,604098,36.50277777777778,KITS
076116FF,240119,Rubber Seal Conditioner AMAZON FF    uses 076116FF-KITS     outer carton 604082,,6-16 Guala NON.,200,,607503G-NON,2,604081,45.391666666666666,KITS
085116FF,239887,Premium Teak Oil AMAZON FF    uses 085116FF-KITS   outer carton 604094,,6-16oz single.,400,,,0.6666666666666666,604086,47.391666666666666,KITS
093000FF,240119,Startron Gas AMAZON FF   uses 093000FF-KITS     outer carton 604198,,4-1gal single.,80,,,0.888888888888889,604098,48.05833333333333,KITS
081900FF,240146,Waterproofing AMAZON FF       uses 081900FF-KITS     outer carton 604098                                ,,4-1gal single.,800,,,8.88888888888889,604098,48.947222222222216,KITS
094400FF,240119,Super Orange Bilge Cleaner AMAZON FF  uses 094400FF-KITS   outer carton 604098,,4-1gal single.,280,,,3.111111111111111,604098,57.83611111111111,KITS
085616SS,240146,MSR AMAZON SS   607527VENT    uses 085616SS-KITS  outer carton 604082  (uses inner carton transparency label)  ,,6-22 Guala NON.,500,,607503G-NON,5,604081,60.94722222222222,KITS
085616SS,240296,MSR AMAZON SS   607527VENT    uses 085616SS-KITS  outer carton 604082  (uses inner carton transparency label)  ,,6-22 Guala NON.,800,,607503G-NON,8,604081,65.94722222222222,KITS
094500FF,240119,Super Orange Citrus Boat Wash AMAZON FF  - uses 094500FF-KITS   outer carton 604098,,4-1gal single.,80,,,0.888888888888889,604098,73.94722222222222,KITS
MMRA-LC-FULLF,240095,Mishimoto Liquid Chill CONC  -  USES MM-FULLF-KITS / (uses BAG) / outer carton 604102,,4-1gal FF.,101,,,1.1222222222222222,604102,74.83611111111111,KITS
MMRA-LC-5050F,240095,Mishimoto Liquid Chill 50/50 - USES MM-5050F-KITS / (uses BAG) / outer carton 604102,,4-1gal FF.,400,,,4.444444444444445,604102,75.95833333333333,KITS
136032EA,240118,SB Home Teak Clnr/Brtnr - uses 136032EA-KITS,,1-32oz,310,,,0.5166666666666667,604081,80.40277777777777,KITS
BE1922,240040,Boater's Edge MSR          uses BE1922-KITS        outer carton 604082,,6-22 Guala NON.,300,,607503G-NON,3,604081,80.91944444444444,KITS
082200FF,240237,Water Based Waterproofing AMAZON FF    uses 082200FF-KITS   outer carton 604098,,4-1gal single.,180,,,2,604103,83.91944444444444,KITS
027200FF,240119,SB Synthetic 80W90 AMAZON FF   uses 027200FF-KITS   outer carton 604115,,6-1gal single.,120,,,2,604115,85.91944444444444,KITS
096022FF,240146,Ultimate Clnr/Prtcr AMAZON FF     uses 096022FF-KITS    outer carton 604082,,6-22 Guala NON.,100,,607503G-NON,1,604081,87.91944444444444,KITS
080922FF,240237,ULT Alum Protect (vinyl brite) FF AMAZON   uses 080922FF-KITS / 604082 outer carton ,,6-22 Guala NON.,60,,607503G-NON,0.6,604081,88.91944444444444,KITS
095122SS,240119,Spider & Bird Stain Rmvr AMAZON SS   uses 095122SS-KITS outer carton 604082,,6-22 Guala NON.,200,,607503G-NON,2,604081,89.51944444444443,KITS
095122SS,240296,Spider & Bird Stain Rmvr AMAZON SS   uses 095122SS-KITS outer carton 604082,,6-22 Guala NON.,100,,607503G-NON,1,604081,91.51944444444443,KITS
071622SS,240341,Black Streak Remover AMAZON SS   uses 071622SS-KITS      outer carton 604082,,6-22 Guala NON.,100,,607503G-NON,1,604081,92.51944444444443,KITS
071622SS,240238,Black Streak Remover AMAZON SS   uses 071622SS-KITS      outer carton 604082,,6-22 Guala NON.,200,,607503G-NON,0,604081,93.51944444444443,KITS
085100FF,239996,Premium Teak Oil AMAZON FF        uses 085100FF-KITS    outer carton 604115,,6-1gal single.,120,,,2,604115,93.51944444444443,KITS
081600FF,240145,Teak Oil AMAZON FF  uses 081600FF-KITS     outer carton 604115,,6-1gal single.,50,,,0.8333333333333334,604103,95.51944444444443,KITS
093132SS,240040,Startron Diesel AMAZON SS     uses 093132SS-KITS   outer carton 604093,,6-32oz single.,60,,,0,604093,96.35277777777776,KITS
092322FF,240294,Rust Eater & Converter AMAZON FF       uses 092322FF-KITS      outer carton 604083,,12-22 Guala NON.,72,,607503G-NON,0,604081,96.35277777777776,KITS
028200FF,240237,Pro Star Synth 10W40    black bottle / black cap uses 028200FF-kits  outer carton 604115,,6-1gal single.,40,,,0,604097,96.35277777777776,KITS
089222FF,240119,Rust Stain Remover AMAZON FF      uses 089222FF-KITS   outer carton 604082,,6-22 Guala NON.,300,,607503G-NON,0,604081,96.35277777777776,KITS
093032SS,240040,Startron Gas AMAZON SS  uses 093032SS-KITS   outer carton 604085 (uses inner carton transparency label)   ,,12-32oz single.,360,,,0,604084,96.35277777777776,KITS
089222SS,240119,Rust Stain Remover AMAZON SS    uses 089222SS-KITS      outer carton 604082,,6-22 Guala NON.,200,,607503G-NON,0,604081,96.35277777777776,KITS
085932FF,240237,Deck Cleaner AMAZON FF  uses 085932FF-KITS   outer carton 604082,,6-32oz single.,300,,,0,604081,96.35277777777776,KITS
,,0x2a,,0x2a,,,,0,,0,OIL LINE
,,0x2a,,0x2a,,,,0,,0,PD LINE
095022P,239965,Spider Away                                   ,95022.B,6-22 Guala NON,100,White 22oz,607503G-NON,0.4,604003RT,0,PD LINE
085922P,240118,Deck Cleaner 22oz                                        ,602017,6-22 Guala NON,250,White 22oz,607503G-NON,0.9,604003RT,0.4,PD LINE
092322FF-KITS,240294,Rust Eater & Converter AMAZON FF   607521 / TRAY PACK 864                ,602022,22oz filled bottle,864,White 22oz,607521  (wht),0.39999999999999997,,1.3,PD LINE
15003759,239965,West Marine Rust Stain Remover    ,602003,12-22 Guala NON,100,White 22oz,607503G-NON,0.9,604004RT,1.7,PD LINE
089222WK,240236,Rust Stain Rmvr WATSKI ,602003,6-22 Guala NON,50,White 22oz,607503G-NON,0.33,604003RT,2.6,PD LINE
089222SP,240118,Rust Stain Rmvr S/P  ,602003,6-22 Guala NON,50,White 22oz,607503G-NON,0.33,604003RT,2.93,PD LINE
089222FF-KITS,240119,"Rust Stain Remover AMAZON FF  607521 / TRAY PACK 1,800",602003,22oz filled bottle,1800,White 22oz,607521  (wht),0.8333333333333333,,3.2600000000000002,PD LINE
089222SS-KITS,240119,Rust Stain Remover AMAZON SS  607521 / TRAY PACK 1200,602003,22oz filled bottle,1200,White 22oz,607521  (wht),0.4,,4.093333333333334,PD LINE
089222P,239965,Rust Stain Remover                         ,602003,6-22 Guala NON,750,White 22oz,607503G-NON,2.083333333333333,604003RT,4.493333333333334,PD LINE
15003767,239965,West Marine Fiberglass Stain Remover      ,96100.B,12-22 Guala NON,50,White 22oz,607503G-NON,0.5,604004RT,6.576666666666667,PD LINE
081922SP,239963,Waterproofing SP                              ,602005,6-22 G-WPTS5,100,White 22oz,607503G-WPTS5,0.5,604003RT,7.076666666666667,PD LINE
,, ,,,,,,1.5,,7.576666666666667,PD LINE
097532,240236,Ultimate Fabric Guard    (low odor waterproofing),602082,6-32 G-WPTS5,50,SIKA 32oz sprayer,607503G-WPTS5,0.33,604106,9.076666666666668,PD LINE
092232PC,240118,Barnacle Remover Canadian                                                ,602020,6-32 Guala CRC,50,WHITE 32oz sprayer,607503G-CRC,0.33,604106,9.406666666666668,PD LINE
092232FF-KITS,240238,Barnacle Remover AMAZON FF  TRAY PACK 600                    ,602020,32spr filled bottle,600,WHITE 32oz sprayer,607521  (wht),0.33,,9.736666666666668,PD LINE
092232FF,240238,Barnacle Remover AMAZON FF     607521 / uses 092232FF-KITS      outer carton 604093              ,,6-32 Guala CRC.,100,,607503G-CRC,0,604084,10.066666666666668,PD LINE
096132GF,240236,Gel Hull Cleaner G/F              ,96100.B,6-32 Guala CRC,50,WHITE 32oz sprayer,607503G-CRC,0.33,604106,10.066666666666668,PD LINE
096132FF-KITS,240119,"Gel Hull Cleaner AMAZON FF - 607521 / TRAY PACK 3,600",96100.B,32spr filled bottle,3600,WHITE 32oz sprayer,607521  (wht),1.6666666666666665,,10.396666666666668,PD LINE
096132FF,240119,Gel Hull Cleaner AMAZON FF    uses 096132FF-KITS   outer carton 604093,,6-32 Guala NON.,600,,607503G-NON,0,604084,12.063333333333334,PD LINE
096132FF-KITS,240296,Gel Hull Cleaner AMAZON FF - 607521 / TRAY PACK 2160,96100.B,32spr filled bottle,2160,WHITE 32oz sprayer,607521  (wht),0.9999999999999999,,12.063333333333334,PD LINE
096132FF,240296,Gel Hull Cleaner AMAZON FF    uses 096132FF-KITS   outer carton 604093,,6-32 Guala NON.,360,,607503G-NON,0,604084,13.063333333333334,PD LINE
096132FF-KITS,240366,Gel Hull Cleaner AMAZON FF - 607521 / TRAY PACK 1440,96100.B,32spr filled bottle,1440,WHITE 32oz sprayer,607521  (wht),0.6666666666666666,,13.063333333333334,PD LINE
096132FF,240366,Gel Hull Cleaner AMAZON FF    uses 096132FF-KITS   outer carton 604093,,6-32 Guala NON.,240,,607503G-NON,0,604084,13.73,PD LINE
096132,239847,Gel Hull Cleaner                           ,96100.B,6-32 Guala NON,500,WHITE 32oz sprayer,607503G-NON,1.3888888888888886,604106,13.73,PD LINE
098932FF-KITS,240119,Ult Fiberglass St Rmvr AMAZON FF - 607521 / TRAY PACK 720,96100.B,32spr filled bottle,720,SIKA 32oz sprayer,607521  (wht),0.5,,15.11888888888889,PD LINE
098932FF,240119,Ult Fiberglass St Rmvr AMAZON FF    uses 098932FF-KITS   outer carton 604093,,6-32 Guala NON.,120,,607503G-NON,0,604084,15.61888888888889,PD LINE
098932,239965,Ultimate Fiberglass Stain Remover                  ,96100.B,6-32 Guala NON,300,SIKA 32oz sprayer,607503G-NON,0.8333333333333333,604106,15.61888888888889,PD LINE
095932FF-KITS,240119,Ultimate Vinyl Spray AMAZON - 607521 / TRAY PACK 1440,95900.B,32spr filled bottle,1440,SIKA 32oz sprayer,607521  (wht),0.8,,16.452222222222222,PD LINE
095932FF,240119,Ultimate Vinyl Spray AMAZON      uses 095932FF-KITS outer carton 604093,,6-32 Guala NON.,240,,607503G-NON,0,604084,17.252222222222223,PD LINE
071032,240118,RV Guard Speed Detailer           ,7-2738.B,6-32 Guala NON,75,SIKA 32oz sprayer,607503G-NON,0.4,604106,17.252222222222223,PD LINE
092132DGF,240126,Fabric Cleaner DGF,602016,6-32 Guala NON,25,WHITE 32oz sprayer,607503G-NON,0.33,604106,17.65222222222222,PD LINE
54132FF-KITS,240295,O/C Fabric Cleaner AMAZON FF - 607521 / TRAY PACK 3600                    ,602016,32spr filled bottle,3600,WHITE 32oz sprayer,607521  (wht),1.6666666666666665,,17.98222222222222,PD LINE
54132FF,240295,O/C Fabric Cleaner AMAZON FF      uses 54132FF-KITS    outer carton 604093,,6-32 Guala NON.,600,,607503G-NON,0,604084,19.648888888888887,PD LINE
092132FF-KITS,240296,Ultimate Fabric Cleaner     607521 / TRAY PACK 360  ,602016,32spr filled bottle,360,SIKA 32oz sprayer,607521  (wht),0.16666666666666666,,19.648888888888887,PD LINE
092132FF,240296,Ultimate Fabric Cleaner FF AMAZON    uses 092132FF-KITS / 604093 outer carton   ,,6-32 Guala NON.,60,,607503G-NON,0,604093,19.815555555555555,PD LINE
071332,239965,RV Awning Cleaner         ,602016,6-32 Guala NON,100,SIKA 32oz sprayer,607503G-NON,0.4,604106,19.815555555555555,PD LINE
096232FF-KITS,240040,Ultimate Vinyl Clnr AMAZON FF - 607521 / TRAY PACK 3600              ,83200.B,32spr filled bottle,3600,SIKA 32oz sprayer,607521  (wht),1.6666666666666665,,20.215555555555554,PD LINE
096232FF,240040,Ultimate Vinyl Clnr AMAZON FF    uses 096232FF-KITS   outer carton 604093,,6-32 Guala NON.,600,,607503G-NON,0,604084,21.88222222222222,PD LINE
096232FF-KITS,240119,Ultimate Vinyl Clnr AMAZON FF - 607521 / TRAY PACK 5400              ,83200.B,32spr filled bottle,5400,SIKA 32oz sprayer,607521  (wht),2.5,,21.88222222222222,PD LINE
096232FF,240119,Ultimate Vinyl Clnr AMAZON FF    uses 096232FF-KITS   outer carton 604093,,6-32 Guala NON.,900,,607503G-NON,0,604084,24.38222222222222,PD LINE
096232FF-KITS,240296,Ultimate Vinyl Clnr AMAZON FF - 607521 / TRAY PACK 4320              ,83200.B,32spr filled bottle,4320,SIKA 32oz sprayer,607521  (wht),1.9999999999999998,,24.38222222222222,PD LINE
096232FF,240296,Ultimate Vinyl Clnr AMAZON FF    uses 096232FF-KITS   outer carton 604093,,6-32 Guala NON.,720,,607503G-NON,0,604084,26.38222222222222,PD LINE
096232,239965,Ultimate Vinyl Cleaner           ,83200.B,6-32 Guala NON,500,SIKA 32oz sprayer,607503G-NON,1.3888888888888886,604106,26.38222222222222,PD LINE
86362-KITS,240147,Sea Dek US/AU/NZ - SS  labels reversed    TRAY PACK 900,83200.B,32spr filled bottle,900,"""NO S"" White 32spray",607521  (wht),0.66,,27.77111111111111,PD LINE
86362,240147,Sea Dek US/AU/NZ - SS -      uses 86362-KITS    outer carton 604085,,12-32 Guala NON.,75,,607503G-NON,0,604084,28.43111111111111,PD LINE
BG32EC,240255,"Berlin Gardens Extreme Clean     ""NO S""",83200.B,6-32 Guala NON,50,"""NO S"" White 32spray",607503G-NON,0.33,604106,28.43111111111111,PD LINE
098832FF-KITS,240119,Ult Extreme Protectant AMAZON FF - 607521 / TRAY PACK 720,44200.B,32spr filled bottle,720,SIKA 32oz sprayer,607521  (wht),0.5,,28.76111111111111,PD LINE
098832FF,240119,Ult Extreme Protectant AMAZON FF   uses 098832FF-KITS    outer carton 604093,,6-32 Guala NON.,120,,607503G-NON,0,604084,29.26111111111111,PD LINE
59032FF-KITS,240119,O/C Furniture Protectant AMAZON FF - TRAY PACK 1800,44200.B,32oz filled bottle,1800,WHITE 32oz sprayer,607521  (wht),0.75,,29.26111111111111,PD LINE
59032FF,240119,O/C Furniture Protectant AMAZON FF    uses 59032FF-KITS   outer carton 604093,,6-32 Guala NON.,300,,607503G-NON,0,604084,30.01111111111111,PD LINE
097232FF-KITS,240341,Inflatable Boat Clnr AMAZON FF -  607521 / TRAY PACK 360       ,97200.B,32spr filled bottle,360,WHITE 32oz sprayer,607521  (wht),0.16666666666666666,,30.01111111111111,PD LINE
097232FF,240341,Inflatable Boat Clnr AMAZON FF   uses 097232FF-KITS    outer carton 604093,,6-32 Guala NON.,60,,607503G-NON,0,604084,30.177777777777777,PD LINE
097232,240118,Inflatable Boat Cleaner       ,97200.B,6-32 Guala NON,100,WHITE 32oz sprayer,607503G-NON,0.4,604106,30.177777777777777,PD LINE
095032,240118,Spider Away                                   ,95022.B,6-32 Guala NON,100,WHITE 32oz sprayer,607503G-NON,0.4,604106,30.577777777777776,PD LINE
54432FF-KITS,240237,O/C Mildew Stain Remover AMAZON FF TRAY PACK 1800               ,602037,32spr filled bottle,1800,WHITE 32oz sprayer,607527VENT,1,,30.977777777777774,PD LINE
54432FF,240237,O/C Mildew Stain Remover AMAZON FF   uses 54432FF-KITS    outer carton 604093,,6-32 Guala NON.,300,,607503G-NON,0,604084,31.977777777777774,PD LINE
54432FF-KITS,240296,O/C Mildew Stain Remover AMAZON FF - 607527VENT / TRAY PACK 1800               ,602037,32spr filled bottle,1800,WHITE 32oz sprayer,607527VENT,0.8333333333333333,,31.977777777777774,PD LINE
54432FF,240296,O/C Mildew Stain Remover AMAZON FF   uses 54432FF-KITS    outer carton 604093,,6-32 Guala NON.,300,,607503G-NON,0,604084,32.81111111111111,PD LINE
54432FF-KITS,240341,O/C Mildew Stain Remover AMAZON FF - 607527VENT / TRAY PACK 3960               ,602037,32spr filled bottle,3960,WHITE 32oz sprayer,607527VENT,1.8333333333333333,,32.81111111111111,PD LINE
54432FF,240341,O/C Mildew Stain Remover AMAZON FF   uses 54432FF-KITS    outer carton 604093,,6-32 Guala NON.,660,,607503G-NON,0,604084,34.644444444444446,PD LINE
120032FF-KITS,240237,Mold & Mildew Stain Rmvr (MSR) AMAZON FF TRAY PACK 1440            ,602037,32oz filled bottle,1440,WHITE 32oz sprayer,607527VENT,0.8,,34.644444444444446,PD LINE
120032FF,240237,Mold & Mildew Stain Rmvr (MSR) AMAZON FF   uses 120032FF-KITS  outer carton 604093,,6-32 Guala NON.,240,,607503G-NON,0,604084,35.44444444444444,PD LINE
120032FF-KITS,240366,Mold & Mildew Stain Rmvr (MSR) AMAZON FF - 607527VENT / TRAY PACK 1800            ,602037,32oz filled bottle,1800,WHITE 32oz sprayer,607527VENT,0.8333333333333333,,35.44444444444444,PD LINE
120032FF,240366,Mold & Mildew Stain Rmvr (MSR) AMAZON FF   uses 120032FF-KITS  outer carton 604093,,6-32 Guala NON.,300,,607503G-NON,0,604084,36.27777777777778,PD LINE
085632,240118,Mildew Stain Remover  ,602037,6-32 Guala NON,250,WHITE 32oz sprayer,607503G-NON,0.9,604106,36.27777777777778,PD LINE
90621,240119,Seachoice Mildew Stain Remover                       ,602037,6-32 Guala NON,75,WHITE 32oz sprayer,607503G-NON,0.20833333333333331,604106,37.17777777777778,PD LINE
BG32MSR,240255,"Berlin Gardens Mildew Stain Remover          ""NO S""",602037,6-32 Guala NON,50,"""NO S"" White 32spray",607503G-NON,0.33,604106,37.38611111111111,PD LINE
99910,240254,"Seaside Outdoor Furniture Cleaner (MSR)   ""NO S""",602037,6-32 Guala NON,50,"""NO S"" White 32spray",607503G-NON,0.33,604106,37.71611111111111,PD LINE
,, ,,,,,,1.5,,38.04611111111111,PD LINE
097116,239965,SB Water Shock ,97100.B,6-16oz,150,Clear round pvc 16oz   ,607521  (wht),0.5,604080,39.54611111111111,PD LINE
16731374,239965,WM Water Treatment/Freshener  ,97000DIL.B,6-16oz,150,Clear round pvc 16oz   ,607521  (wht),0.5,604080,40.04611111111111,PD LINE
097016,239965,SB Water Treatment/Freshener  ,97000DIL.B,6-16oz,400,Clear round pvc 16oz   ,607521  (wht),1.25,604080,40.54611111111111,PD LINE
097016,240119,SB Water Treatment/Freshener  ,97000DIL.B,6-16oz,250,Clear round pvc 16oz   ,607521  (wht),0.75,604080,41.79611111111111,PD LINE
,, ,,,,,,1,,42.54611111111111,PD LINE
097008,240119,SB Water Treatment/Freshener  ,97000DIL.B,6-8oz,300,Clear round pvc 8oz,607519  (wht),0.8333333333333333,604079,43.54611111111111,PD LINE
,, ,,,,,,1.5,,44.379444444444445,PD LINE
027332,240118,SB Type C Gear Lube    blue bottle / black cap         ,27300.B,12-32oz,80,Blue 32oz oil,100201 (BLK),0.4444444444444444,604006,45.879444444444445,PD LINE
028532DGF,240126,SB Trim & Tilt DGF    blue bottle / black cap ,28500.B,6-32oz,25,Blue 32oz oil,100201 (BLK),0.33,604005,46.32388888888889,PD LINE
028532,239965,SB Trim & Tilt   blue bottle / black cap,28500.B,12-32oz,240,Blue 32oz oil,100201 (BLK),1.5,604006,46.653888888888886,PD LINE
17997644,239965,WM Trim & Tilt              black bottle / YORKER cap   ,28500.B,12-32oz,80,BLACK 32oz oil,100205BLK,0.6,100309,48.153888888888886,PD LINE
17997594,239965,WM 80W90                   black bottle / YORKER cap       ,27200.B,12-32oz,160,BLACK 32oz oil,100205BLK,1,100309,48.75388888888889,PD LINE
17997602,239965,WM Synthetic 80W90   black bottle / YORKER cap   ,27200.B,12-32oz,80,BLACK 32oz oil,100205BLK,0.6,100309,49.75388888888889,PD LINE
17997610,239965,WM Hypoid 90wt           black bottle / YORKER cap   ,27200.B,12-32oz,160,BLACK 32oz oil,100205BLK,0.8888888888888888,100309,50.35388888888889,PD LINE
027132,239965,SB Hypoid 90wt         blue bottle / black cap,27200.B,12-32oz,80,Blue 32oz oil,100201 (BLK),0.6,604006,51.242777777777775,PD LINE
027032,239965,Hivis 80W90      blue bottle / black cap,27200.B,12-32oz,80,Blue 32oz oil,100201 (BLK),0.6,604006,51.842777777777776,PD LINE
028232,240118,Pro Star Synth 10W40  black bottle / black cap,28200.B,12-32oz,40,BLACK 32oz oil,100201 (BLK),0.4,604006,52.44277777777778,PD LINE
17997412,240118,WM Synthetic 10W40               black bottle / black cap,28200.B,12-32oz,40,BLACK 32oz oil,100201 (BLK),0.4,604006,52.842777777777776,PD LINE
17997396,239965,WM Synthetic 10W30               black bottle / black cap,28100.B,12-32oz,80,BLACK 32oz oil,100201 (BLK),0.6,604006,53.242777777777775,PD LINE
17997537,239847,WM Premium TCW3                 black bottle / black cap,100501K,12-32oz,84,BLACK 32oz oil,100201 (BLK),0.8,604006,53.842777777777776,PD LINE
085932GF,239963,Deck Cleaner G/F                                                            ,602017,6-32oz,200,White oval pvc 32oz,607517  FLIP,1.75,604005,54.64277777777777,PD LINE
085932GF,240070,Deck Cleaner G/F                                                            ,602017,6-32oz,150,White oval pvc 32oz,607517  FLIP,0.41666666666666663,604005,56.39277777777777,PD LINE
15003676,239965,West Marine Deck Cleaner                                ,602017,12-32oz,100,White oval pvc 32oz,607517  FLIP,0.5555555555555555,604006,56.80944444444444,PD LINE
085932PW,239774,Deck Cleaner                           ,602017,6-32oz,500,White oval pvc 32oz,607517  FLIP,1.3888888888888886,604005,57.364999999999995,PD LINE
081432GF,240126,Teak Cleaner G/F                                                                                    ,602009,6-32oz,9,White oval pvc 32oz,607521  (wht),0.4,604005,58.75388888888888,PD LINE
276063C-KITS,240236,WM Teak Cleaner -  607517 cap / TRAY PACK 450  for kit 276063,602009,32oz filled bottle,450,White oval pvc 32oz,607517  FLIP,0.4,,59.15388888888888,PD LINE
081432FF-KITS,240119,Teak Cleaner AMAZON FF    TRAY PACK 1320  ,602009,32oz filled bottle,1320,White oval pvc 32oz,607521  (wht),0.611111111111111,,59.55388888888888,PD LINE
081432FF,240119,Teak Cleaner AMAZON FF    uses 081432FF-KITS      outer carton 604083,,12-32oz single.,110,,,0,604081,60.16499999999999,PD LINE
081432FF-KITS,240296,Teak Cleaner AMAZON FF    TRAY PACK 1080  ,602009,32oz filled bottle,1080,White oval pvc 32oz,607521  (wht),0.49999999999999994,,60.16499999999999,PD LINE
081432FF,240296,Teak Cleaner AMAZON FF    uses 081432FF-KITS      outer carton 604083,,12-32oz single.,90,,,0,604081,60.66499999999999,PD LINE
081432,239965,Teak Cleaner  ,602009,12-32oz,100,White oval pvc 32oz,607521  (wht),0.7,604006,60.66499999999999,PD LINE
136032,240118,SB Home Teak Clnr/Brtnr     ,94900.B,6-32oz,750,White oval pvc 32oz,607521  (wht),2.083333333333333,604005,61.364999999999995,PD LINE
081532,239965,Teak Brightener                                                                          ,81500.B,12-32oz,100,White oval pvc 32oz,607521  (wht),0.75,604006,63.44833333333333,PD LINE
276063B-KITS,240236,WM Teak Brightener - 607517 cap / TRAY PACK 450  for kit 276063,81500.B,32oz filled bottle,450,White oval pvc 32oz,607517  FLIP,0.4,,64.19833333333332,PD LINE
276063,240236,WM Tk Clnr &  Tk Brtnr 32oz kit  - uses 276063B-kits and 276063C-kits / shrink bag 094000BAG / 2 cards,,2pk-32oz-6pk,75,,,0,604006,64.59833333333333,PD LINE
X441052,240254,All Seasons Pool Cover Cleaner    ,602016,6-32oz,80,White oval pvc 32oz,607521  (wht),0.4,604005,64.59833333333333,PD LINE
X442052,240254,All Seasons Pool Cover Protector     ,44200.B,6-32oz,60,White oval pvc 32oz,607521  (wht),0.4,604005,64.99833333333333,PD LINE
15003726,239965,West Marine Hull Cleaner,602003,12-32oz,50,White oval pvc 32oz,607521  (wht),0.5,604006,65.39833333333334,PD LINE
081732SS-KITS,240119,"Hull Cleaner AMAZON SS     TRAY PACK 2,400                                                                    ",602003,32oz filled bottle,2400,White oval pvc 32oz,607521  (wht),1.111111111111111,,65.89833333333334,PD LINE
081732SS,240119,Hull Cleaner AMAZON SS     uses 081732SS-KITS      outer carton 604082                                 ,,6-32oz single.,400,,,0,604081,67.00944444444445,PD LINE
081732PW,239774,Hull Cleaner                                                                                  ,602003,6-32oz,1000,White oval pvc 32oz,607521  (wht),2.7777777777777772,604005,67.00944444444445,PD LINE
081732PW,239965,Hull Cleaner                                                                                  ,602003,6-32oz,1000,White oval pvc 32oz,607521  (wht),2.7777777777777772,604005,69.78722222222223,PD LINE
092832SS-KITS,240146,EZ On/Off Hull & Bottom Cleaner AMAZON SS    TRAY PACK 600                            ,602020,32oz filled bottle,600,White oval pvc 32oz,607520  foam  ,0.5,,72.565,PD LINE
092832SS,240146,EZ On/Off Hull & Bottom Cleaner AMAZON SS    uses 092832SS-KITS  outer carton 604082,,6-32oz single.,100,,,0,604081,73.065,PD LINE
080532PW,239965,Bilge Cleaner  ,602001,6-32oz,300,White oval pvc 32oz,607521  (wht),1,604005,73.065,PD LINE
15026362,239965,WM Boat Soap           ,602046,12-32oz,250,Clear oval pvc 32oz,607521  (wht),1.3888888888888886,604006,74.065,PD LINE
5359872,239965,WM Citrus Bilge Cleaner            ,602605,12-32oz,100,Clear oval pvc 32oz,607521  (wht),0.75,604006,75.45388888888888,PD LINE
90751,240119,Seachoice Toilet Treatment Lemon                                ,602010,6-32oz,50,Clear oval pvc 32oz,607521  (wht),0.4,604005,76.20388888888888,PD LINE
BE1132,240294,Boater's Edge Boat Wash      607521BLACK   case pack,602000,6-32oz  ,25,Clear oval pvc 32oz,607521BLACK,0.33,604005,76.60388888888889,PD LINE
093932,239965,Salt Off Concentrate                                      ,94444CON.B,12-32oz,100,White oval pvc 32oz,607521  (wht),0.8,604006,76.93388888888889,PD LINE
093932-KITS,240119,Salt Off Concentrate    TRAY PACK 1200,94444CON.B,32oz filled bottle,1200,White oval pvc 32oz,607521  (wht),0.75,,77.73388888888888,PD LINE
094000,240119,Salt Off Kit 32oz    (need to run 093932-KITS)      outer carton 604066,,6-32oz.,200,,,0,604066,78.48388888888888,PD LINE
905000-KITS,240119,Salt Off Concentrate      TRAY PACK 2000,94444CON.B,32oz filled bottle,500,White oval pvc 32oz,607521  (wht),0.4,,78.48388888888888,PD LINE
905000,240119,Salt Off Kit 32oz  (need to run 905000-KITS filled bottles)    2 cartons labels needed on adjacent panels /  unique footprint for Walmart,,4pk,500,,,0,604014,78.88388888888889,PD LINE
15358591-KITS,240119,WM P.O. Salt Off Concentrate - white fstyle pvc / TRAY PACK 100,94444CON.B,32oz filled bottle,100,White fstyle pvc 32oz,400705  (wht),1.5,,78.88388888888889,PD LINE
15358591,240119,WM P.O. Salt Off 32oz kit w/mixer - 6pk Fstyle   (need to run 15358591-kits)   ,,6pk,100,,,0,604028,80.38388888888889,PD LINE
15358591-KITS,240118,WM P.O. Salt Off Concentrate - white fstyle pvc / TRAY PACK 600,94444CON.B,32oz filled bottle,600,White fstyle pvc 32oz,400705  (wht),0.33,,80.38388888888889,PD LINE
15358591,240118,WM P.O. Salt Off 32oz kit w/mixer - 6pk Fstyle   (need to run 15358591-kits)   ,,6pk,100,,,0,604028,80.71388888888889,PD LINE
11167012,240119,WM P.O Salt Off Concentrate - white fstyle pvc ,94444CON.B,12-32oz,50,White fstyle pvc 32oz,400705  (wht),0.4,604041,80.71388888888889,PD LINE
8669723,239965,WM Headchem Trt Mint   clear fstyle pvc,5359351.B,12-32oz,200,Clear fstyle pvc 32oz,400705  (wht),1.25,604041,81.1138888888889,PD LINE
,, ,,,,,,1.5,,82.3638888888889,PD LINE
,, ,,,,,,1.5,,83.8638888888889,PD LINE
