ItemCode,ItemCodeDesc,VendorNo,Vendor,PurchaseOrderNo,PurchaseOrderDate,QtyOrdered,QtyReceived,QtyOpen,UnitCost,OpenValue
020002,"RESIN - GP-9114 White pvc virg",WESTLAK,"WESTLAKE GLOBAL COMPOUNDS",0024689,2026-01-05,41400,0,41400,$1.2100,"$50,094.00"
020002,"RESIN - GP-9114 White pvc virg",POLYONE,"FORMERRA (AVIENT)",0022577,2024-07-12,41400,41059,341,$1.3600,$463.76
020003,"RESIN - FG-9209 clear pvc virg",WESTLAK,"WESTLAKE GLOBAL COMPOUNDS",0024828,2026-01-30,42500,0,42500,$1.1900,"$50,575.00"
020003,"RESIN - FG-9209 clear pvc virg",POLYONE,"FORMERRA (AVIENT)",0022114,2024-04-05,41400,41222,178,$1.2700,$226.06
020003,"RESIN - FG-9209 clear pvc virg",POLYONE,"POLYONE corporation",0018225,2021-03-15,41400,40707,693,$1.4750,"$1,022.18"
031018,"CHEM - Denatured Alcohol",ECOENER,"ECO-ENERGY, LLC",0024236,2025-09-15,6500,6387,113,$2.7400,$309.62
031018,"CHEM - Denatured Alcohol",ECOENER,"ECO-ENERGY, LLC",0023867,2025-06-05,6500,6422,78,$2.7400,$213.72
031018,"CHEM - Denatured Alcohol",ECOENER,"ECO-ENERGY, LLC",0021613,2023-11-13,6500,6498,2,$3.1400,$6.28
031018,"CHEM - Denatured Alcohol",ECOENER,"ECO-ENERGY, LLC",0021602,2023-11-08,6509,6475,34,$3.1400,$106.76
031018,"CHEM - Denatured Alcohol",ECOENER,"ECO-ENERGY, LLC",0021498,2023-10-12,6500,6487,13,$3.1400,$40.82
031018,"CHEM - Denatured Alcohol",ECOENER,"ECO-ENERGY, LLC",0021484,2023-10-09,6500,6445,55,$3.1400,$172.70
031018,"CHEM - Denatured Alcohol",ECOENER,"ECO-ENERGY, LLC",0021477,2023-10-03,6500,6439,61,$3.1400,$191.54
031018,"CHEM - Denatured Alcohol",ECOENER,"ECO-ENERGY, LLC",0021462,2023-09-28,6500,6457,43,$3.1400,$135.02
031018,"CHEM - Denatured Alcohol",ECOENER,"ECO-ENERGY, LLC",0021442,2023-09-27,6500,6431,69,$3.1400,$216.66
031018,"CHEM - Denatured Alcohol",ECOENER,"ECO-ENERGY, LLC",0021443,2023-09-27,6500,6402,98,$3.1400,$307.72
031018,"CHEM - Denatured Alcohol",ECOENER,"ECO-ENERGY, LLC",0021431,2023-09-25,6500,6434,66,$3.1400,$207.24
031018,"CHEM - Denatured Alcohol",ECOENER,"ECO-ENERGY, LLC",0021402,2023-09-15,6500,6394,106,$3.1405,$332.89
031018,"CHEM - Denatured Alcohol",ECOENER,"ECO-ENERGY, LLC",0021387,2023-09-12,6500,6456,44,$3.1400,$138.16
031018,"CHEM - Denatured Alcohol",ECOENER,"ECO-ENERGY, LLC",0021388,2023-09-12,6500,6452,48,$3.1400,$150.72
031018,"CHEM - Denatured Alcohol",ECOENER,"ECO-ENERGY, LLC",0021389,2023-09-12,6500,6442,58,$3.1400,$182.12
031018,"CHEM - Denatured Alcohol",ECOENER,"ECO-ENERGY, LLC",0021325,2023-08-23,6500,6426,74,$3.1900,$236.06
031018,"CHEM - Denatured Alcohol",ULTRAPU,"ULTRA PURE",0021286,2023-08-14,6500,6454,46,$3.2600,$149.96
031018,"CHEM - Denatured Alcohol",SASOL,"SASOL CHEMICALS NORTH AMERICA LLC",0020247,2022-10-03,6500,6397,103,$3.0411,$313.23
031018,"CHEM - Denatured Alcohol",ULTRAPU,"ULTRA PURE",0020037,2022-07-20,27581,27374,207,$2.7500,$569.25
031018,"CHEM - Denatured Alcohol",ULTRAPU,"ULTRA PURE",0016023,2019-11-13,6500,6479,21,$2.2800,$47.88
031018,"CHEM - Denatured Alcohol",ULTRAPU,"ULTRA PURE",0016002,2019-11-11,6500,6482,18,$2.2800,$41.04
031018,"CHEM - Denatured Alcohol",ULTRAPU,"ULTRA PURE",0015928,2019-10-16,6500,6497,3,$2.2800,$6.84
031018,"CHEM - Denatured Alcohol",ULTRAPU,"ULTRA PURE",0015849,2019-09-17,6800,6756,44,$2.2800,$100.32
031018,"CHEM - Denatured Alcohol",ULTRAPU,"ULTRA PURE",0015812,2019-09-10,6500,6487,13,$2.2800,$29.64
031018,"CHEM - Denatured Alcohol",ULTRAPU,"ULTRA PURE",0015637,2019-07-18,6500,6487,13,$2.2800,$29.64
031018,"CHEM - Denatured Alcohol",ULTRAPU,"ULTRA PURE",0014517,2018-08-20,6500,6496,4,$2.4400,$9.76
031018,"CHEM - Denatured Alcohol",ULTRAPU,"ULTRA PURE",0014331,2018-07-09,6500,6494,6,$2.4400,$14.64
031018,"CHEM - Denatured Alcohol",ADM,"ARCHER DANIEL MIDLAND COMPANY",0013227,2017-10-02,6500,6496,4,$2.5000,$10.00
031018,"CHEM - Denatured Alcohol",ADM,"ARCHER DANIEL MIDLAND COMPANY",0012922,2017-06-23,6500,6499,1,$2.5000,$2.50
031018,"CHEM - Denatured Alcohol",ADM,"ARCHER DANIEL MIDLAND COMPANY",0012922,2017-06-23,6500,6499,1,$2.5000,$2.50
050000,"CHEM - PROPYLENE GLYCOL",THIRDCO,"THIRD COAST CHEMICALS",0023703,2025-04-25,5200,5189,11,$6.3145,$69.46
050000,"CHEM - PROPYLENE GLYCOL",THIRDCO,"THIRD COAST CHEMICALS",0023704,2025-04-25,5200,5199,1,$6.3145,$6.31
050000,"CHEM - PROPYLENE GLYCOL",ADM,"ARCHER DANIEL MIDLAND COMPANY",0023020,2024-11-04,5200,5164,36,$7.3447,$264.41
050000,"CHEM - PROPYLENE GLYCOL",ADM,"ARCHER DANIEL MIDLAND COMPANY",0022664,2024-08-01,5200,5180,20,$7.2576,$145.15
050000,"CHEM - PROPYLENE GLYCOL",ADM,"ARCHER DANIEL MIDLAND COMPANY",0022665,2024-08-01,5200,5162,38,$7.2581,$275.81
050000,"CHEM - PROPYLENE GLYCOL",ADM,"ARCHER DANIEL MIDLAND COMPANY",0020183,2022-09-07,22000,21981,19,$14.6886,$279.08
050000,"CHEM - PROPYLENE GLYCOL",ADM,"ARCHER DANIEL MIDLAND COMPANY",0020123,2022-08-17,5200,5166,34,$15.1226,$514.17
050000,"CHEM - PROPYLENE GLYCOL",DOWCHEM,"DOW CHEMICAL",0018746,2021-07-12,5210,5208,2,$8.0876,$16.18
050000,"CHEM - PROPYLENE GLYCOL",DOWCHEM,"DOW CHEMICAL",0018747,2021-07-12,5200,5189,11,$8.0020,$88.02
050000,"CHEM - PROPYLENE GLYCOL",DOWCHEM,"DOW CHEMICAL",0015806,2019-09-10,21516,21454,62,$5.0976,$316.05
050000,"CHEM - PROPYLENE GLYCOL",DOWCHEM,"DOW CHEMICAL",0015773,2019-09-03,21400,21339,61,$5.1253,$312.64
050000,"CHEM - PROPYLENE GLYCOL",DOWCHEM,"DOW CHEMICAL",0015743,2019-08-20,21712,21650,62,$5.0978,$316.06
050000,"CHEM - PROPYLENE GLYCOL",DOWCHEM,"DOW CHEMICAL",0014749,2018-10-08,5208,5193,15,$5.3136,$79.70
050000,"CHEM - PROPYLENE GLYCOL",DOWCHEM,"DOW CHEMICAL",0014749,2018-10-08,5206,5190,16,$5.3136,$85.02
050000,"CHEM - PROPYLENE GLYCOL",DOWCHEM,"DOW CHEMICAL",0014749,2018-10-08,5208,5193,15,$5.3136,$79.70
050000,"CHEM - PROPYLENE GLYCOL",DOWCHEM,"DOW CHEMICAL",0014624,2018-09-12,5250,5181,69,$5.3732,$370.75
050000,"CHEM - PROPYLENE GLYCOL",DOWCHEM,"DOW CHEMICAL",0014624,2018-09-12,5206,5191,15,$5.3293,$79.94
050000,"CHEM - PROPYLENE GLYCOL",DOWCHEM,"DOW CHEMICAL",0014624,2018-09-12,5206,5190,16,$5.3136,$85.02
050000,"CHEM - PROPYLENE GLYCOL",DOWCHEM,"DOW CHEMICAL",0014624,2018-09-12,5250,5197,52,$5.3136,$280.03
050000,"CHEM - PROPYLENE GLYCOL",DOWCHEM,"DOW CHEMICAL",0014562,2018-09-04,5200,5190,10,$5.3136,$53.14
050000,"CHEM - PROPYLENE GLYCOL",DOWCHEM,"DOW CHEMICAL",0014562,2018-09-04,5210,5195,15,$5.3297,$79.95
050000,"CHEM - PROPYLENE GLYCOL",DOWCHEM,"DOW CHEMICAL",0014562,2018-09-04,5200,5195,5,$5.3136,$26.57
050000,"CHEM - PROPYLENE GLYCOL",DOWCHEM,"DOW CHEMICAL",0014562,2018-09-04,5200,5193,7,$5.3136,$37.20
050000G,"CHEM - GLYCERIN",RIERDEN,"RIERDEN CHEMICAL & TRADING CO.",0024541,2025-11-19,4285,4200,85,$6.5625,$557.81
050000G,"CHEM - GLYCERIN",RIERDEN,"RIERDEN CHEMICAL & TRADING CO.",0024515,2025-11-13,4285,4274,11,$6.5625,$72.19
050000G,"CHEM - GLYCERIN",RIERDEN,"RIERDEN CHEMICAL & TRADING CO.",0024516,2025-11-13,4285,4276,9,$6.5625,$59.06
050000G,"CHEM - GLYCERIN",VANTOLE,"VANTAGE OLEOCHEMICALS",0024250,2025-09-17,4285,4283,2,$5.7750,$11.55
050000G,"CHEM - GLYCERIN",RIERDEN,"RIERDEN CHEMICAL & TRADING CO.",0021122,2023-06-19,17619,17500,119,$3.7276,$443.58
050000G,"CHEM - GLYCERIN",RIERDEN,"RIERDEN CHEMICAL & TRADING CO.",0021087,2023-06-06,17619,17331,288,$3.9376,"$1,134.03"
050000G,"CHEM - GLYCERIN",RIERDEN,"RIERDEN CHEMICAL & TRADING CO.",0019687,2022-03-22,17500,17190,310,$12.3900,"$3,840.90"
050000G,"CHEM - GLYCERIN",VANTOLE,"VANTAGE OLEOCHEMICALS",0019663,2022-03-17,17500,17495,5,$12.0752,$60.38
050000G,"CHEM - GLYCERIN",EMERY,"EMERY OLEOCHEMICALS, LLC",0018759,2021-07-13,4285,4281,4,$4.5769,$18.31
050000G,"CHEM - GLYCERIN",VANTOLE,"VANTAGE OLEOCHEMICALS",0018769,2021-07-13,4285,4260,25,$5.3000,$132.50
050000G,"CHEM - GLYCERIN",EMERY,"EMERY OLEOCHEMICALS, LLC",0018730,2021-07-06,17757,17748,9,$4.5783,$41.20
050000G,"CHEM - GLYCERIN",EMERY,"EMERY OLEOCHEMICALS, LLC",0018713,2021-07-01,4285,4228,57,$4.5156,$257.39
050000G,"CHEM - GLYCERIN",VANTOLE,"VANTAGE OLEOCHEMICALS",0018706,2021-06-29,17553,17533,20,$4.4575,$89.15
050000G,"CHEM - GLYCERIN",VANTOLE,"VANTAGE OLEOCHEMICALS",0018532,2021-05-18,4285,4205,80,$4.7258,$378.06
050000G,"CHEM - GLYCERIN",VANTOLE,"VANTAGE OLEOCHEMICALS",0018501,2021-05-10,17600,17314,286,$4.2500,"$1,215.50"
050000G,"CHEM - GLYCERIN",VANTOLE,"VANTAGE OLEOCHEMICALS",0018485,2021-05-06,4285,4282,3,$4.7249,$14.17
050000G,"CHEM - GLYCERIN",VANTOLE,"VANTAGE OLEOCHEMICALS",0016024,2019-11-13,4280,4207,73,$3.1294,$228.45
050000G,"CHEM - GLYCERIN",RIERDEN,"RIERDEN CHEMICAL & TRADING CO.",0015836,2019-09-17,4285,4268,17,$3.2321,$54.95
050000G,"CHEM - GLYCERIN",EMERY,"EMERY OLEOCHEMICALS, LLC",0015652,2019-07-23,4300,4295,5,$3.2445,$16.22
050000G,"CHEM - GLYCERIN",EMERY,"EMERY OLEOCHEMICALS, LLC",0015635,2019-07-18,4300,4295,5,$3.1990,$15.99
050000G,"CHEM - GLYCERIN",VITUSA,"VITUSA PRODUCTS INC.",0014468,2018-08-06,4285,4272,13,$5.3916,$70.09
500200,"CHEM - METHANOL",COLCHE2,"COLONIAL CHEMICAL SOLUTIONS, INC",0024835,2026-02-03,7500,0,7500,$1.4300,"$10,725.00"
500200,"CHEM - METHANOL",COLCHE2,"COLONIAL CHEMICAL SOLUTIONS, INC",0024827,2026-01-29,7500,0,7500,$1.4300,"$10,725.00"
500200,"CHEM - METHANOL",COLCHE2,"COLONIAL CHEMICAL SOLUTIONS, INC",0024783,2026-01-15,7500,7360,140,$1.3750,$192.50
500200,"CHEM - METHANOL",COLCHE2,"COLONIAL CHEMICAL SOLUTIONS, INC",0024769,2026-01-08,7500,7470,30,$1.3750,$41.25
500200,"CHEM - METHANOL",COLCHE2,"COLONIAL CHEMICAL SOLUTIONS, INC",0024751,2026-01-07,7500,7471,29,$1.3750,$39.88
500200,"CHEM - METHANOL",COLCHE2,"COLONIAL CHEMICAL SOLUTIONS, INC",0024681,2026-01-03,7500,7492,8,$1.3750,$11.00
500200,"CHEM - METHANOL",COLCHE2,"COLONIAL CHEMICAL SOLUTIONS, INC",0024659,2025-12-18,7500,7490,10,$1.3600,$13.60
500200,"CHEM - METHANOL",COLCHE2,"COLONIAL CHEMICAL SOLUTIONS, INC",0024660,2025-12-18,7500,7499,1,$1.3600,$1.36
500200,"CHEM - METHANOL",COLCHE2,"COLONIAL CHEMICAL SOLUTIONS, INC",0024598,2025-12-08,7500,7362,138,$1.3600,$187.68
500200,"CHEM - METHANOL",COLCHE2,"COLONIAL CHEMICAL SOLUTIONS, INC",0024590,2025-12-04,7500,7497,3,$1.3600,$4.08
500200,"CHEM - METHANOL",COLCHE2,"COLONIAL CHEMICAL SOLUTIONS, INC",0024567,2025-11-25,7500,7481,19,$1.3600,$25.84
500200,"CHEM - METHANOL",COLCHE2,"COLONIAL CHEMICAL SOLUTIONS, INC",0024554,2025-11-24,7500,7480,20,$1.3600,$27.20
500200,"CHEM - METHANOL",COLCHE2,"COLONIAL CHEMICAL SOLUTIONS, INC",0024481,2025-11-06,7500,7472,28,$1.3600,$38.08
500200,"CHEM - METHANOL",COLCHE2,"COLONIAL CHEMICAL SOLUTIONS, INC",0024447,2025-11-03,7500,7456,44,$1.3600,$59.84
500200,"CHEM - METHANOL",COLCHE2,"COLONIAL CHEMICAL SOLUTIONS, INC",0024407,2025-10-22,7500,7426,74,$1.3600,$100.64
500200,"CHEM - METHANOL",COLCHE2,"COLONIAL CHEMICAL SOLUTIONS, INC",0024363,2025-10-15,7500,7425,75,$1.3600,$102.00
500200,"CHEM - METHANOL",COLCHE2,"COLONIAL CHEMICAL SOLUTIONS, INC",0024309,2025-10-02,7500,7401,99,$1.3600,$134.64
500200,"CHEM - METHANOL",COLCHE2,"COLONIAL CHEMICAL SOLUTIONS, INC",0024304,2025-09-30,7500,7350,150,$1.3600,$204.00
500200,"CHEM - METHANOL",COLCHE2,"COLONIAL CHEMICAL SOLUTIONS, INC",0024263,2025-09-23,7500,7402,98,$1.3100,$128.38
500200,"CHEM - METHANOL",COLCHE2,"COLONIAL CHEMICAL SOLUTIONS, INC",0024256,2025-09-22,7500,7397,103,$1.3100,$134.93
500200,"CHEM - METHANOL",COLCHE2,"COLONIAL CHEMICAL SOLUTIONS, INC",0024156,2025-08-26,7500,7388,112,$1.3100,$146.72
500200,"CHEM - METHANOL",COLCHE2,"COLONIAL CHEMICAL SOLUTIONS, INC",0024115,2025-08-14,7500,7385,115,$1.3100,$150.65
500200,"CHEM - METHANOL",COLCHE2,"COLONIAL CHEMICAL SOLUTIONS, INC",0024108,2025-08-11,7500,7377,123,$1.3100,$161.13
500200,"CHEM - METHANOL",COLCHE2,"COLONIAL CHEMICAL SOLUTIONS, INC",0024009,2025-07-21,7500,7377,123,$1.2800,$157.44
500200,"CHEM - METHANOL",COLCHE2,"COLONIAL CHEMICAL SOLUTIONS, INC",0023963,2025-07-07,7500,7381,119,$1.2800,$152.32
500200,"CHEM - METHANOL",COLCHE2,"COLONIAL CHEMICAL SOLUTIONS, INC",0023964,2025-07-07,7500,7377,123,$1.2800,$157.44
500200,"CHEM - METHANOL",COLCHE2,"COLONIAL CHEMICAL SOLUTIONS, INC",0023882,2025-06-10,7500,7407,93,$1.2600,$117.18
500200,"CHEM - METHANOL",COLCHE2,"COLONIAL CHEMICAL SOLUTIONS, INC",0023833,2025-05-29,7500,7406,94,$1.2700,$119.38
500200,"CHEM - METHANOL",COLCHE2,"COLONIAL CHEMICAL SOLUTIONS, INC",0023778,2025-05-12,7500,7427,73,$1.3900,$101.47
500200,"CHEM - METHANOL",COLCHE2,"COLONIAL CHEMICAL SOLUTIONS, INC",0023762,2025-05-07,7500,7439,61,$1.3900,$84.79
500200,"CHEM - METHANOL",COLCHE2,"COLONIAL CHEMICAL SOLUTIONS, INC",0023732,2025-04-29,7500,7438,62,$1.3900,$86.18
500200,"CHEM - METHANOL",COLCHE2,"COLONIAL CHEMICAL SOLUTIONS, INC",0023673,2025-04-21,7500,7453,47,$1.4850,$69.80
500200,"CHEM - METHANOL",COLCHE2,"COLONIAL CHEMICAL SOLUTIONS, INC",0023686,2025-04-21,7500,7447,53,$1.4850,$78.70
500200,"CHEM - METHANOL",COLCHE2,"COLONIAL CHEMICAL SOLUTIONS, INC",0023605,2025-04-02,7500,7471,29,$1.4850,$43.07
500200,"CHEM - METHANOL",COLCHE2,"COLONIAL CHEMICAL SOLUTIONS, INC",0023598,2025-03-27,7500,7377,123,$1.4850,$182.66
500200,"CHEM - METHANOL",COLCHE2,"COLONIAL CHEMICAL SOLUTIONS, INC",0023474,2025-02-20,7500,7414,86,$1.5950,$137.17
500200,"CHEM - METHANOL",COLCHE2,"COLONIAL CHEMICAL SOLUTIONS, INC",0023448,2025-02-17,7500,7493,7,$1.5950,$11.16
500200,"CHEM - METHANOL",COLCHE2,"COLONIAL CHEMICAL SOLUTIONS, INC",0023419,2025-02-10,7500,7399,101,$1.5950,$161.09
500200,"CHEM - METHANOL",COLCHE2,"COLONIAL CHEMICAL SOLUTIONS, INC",0023359,2025-01-27,7500,7444,56,$1.5750,$88.20
500200,"CHEM - METHANOL",COLCHE2,"COLONIAL CHEMICAL SOLUTIONS, INC",0023197,2024-12-30,7500,7407,93,$1.5750,$146.47
500200,"CHEM - METHANOL",COLCHE2,"COLONIAL CHEMICAL SOLUTIONS, INC",0023198,2024-12-30,7500,7418,82,$1.5750,$129.15
500200,"CHEM - METHANOL",COLCHE2,"COLONIAL CHEMICAL SOLUTIONS, INC",0023181,2024-12-12,7500,7495,5,$1.4950,$7.48
500200,"CHEM - METHANOL",COLCHE2,"COLONIAL CHEMICAL SOLUTIONS, INC",0023172,2024-12-09,7500,7400,100,$1.4950,$149.50
500200,"CHEM - METHANOL",COLCHE2,"COLONIAL CHEMICAL SOLUTIONS, INC",0023100,2024-12-02,7500,7490,10,$1.4950,$14.95
500200,"CHEM - METHANOL",COLCHE2,"COLONIAL CHEMICAL SOLUTIONS, INC",0023067,2024-11-18,7500,7457,43,$1.4600,$62.78
500200,"CHEM - METHANOL",COLCHE2,"COLONIAL CHEMICAL SOLUTIONS, INC",0022984,2024-10-30,7500,7430,70,$1.4600,$102.20
500200,"CHEM - METHANOL",COLCHE2,"COLONIAL CHEMICAL SOLUTIONS, INC",0022826,2024-09-16,7500,7394,106,$1.3890,$147.23
500200,"CHEM - METHANOL",COLCHE2,"COLONIAL CHEMICAL SOLUTIONS, INC",0022598,2024-07-17,7500,7378,122,$1.3750,$167.75
500200,"CHEM - METHANOL",COLCHE2,"COLONIAL CHEMICAL SOLUTIONS, INC",0022585,2024-07-15,7500,7384,116,$1.3750,$159.50
500200,"CHEM - METHANOL",COLCHE2,"COLONIAL CHEMICAL SOLUTIONS, INC",0022532,2024-06-28,7500,7382,118,$1.3750,$162.25
500200,"CHEM - METHANOL",COLCHE2,"COLONIAL CHEMICAL SOLUTIONS, INC",0022425,2024-06-07,7500,7400,100,$1.3430,$134.30
500200,"CHEM - METHANOL",COLCHE2,"COLONIAL CHEMICAL SOLUTIONS, INC",0022235,2024-05-06,7000,6888,112,$1.3300,$148.96
500200,"CHEM - METHANOL",COLCHE2,"COLONIAL CHEMICAL SOLUTIONS, INC",0022213,2024-04-29,7000,6930,70,$1.3300,$93.10
500200,"CHEM - METHANOL",COLCHE2,"COLONIAL CHEMICAL SOLUTIONS, INC",0022187,2024-04-16,7000,6963,37,$1.4530,$53.76
500200,"CHEM - METHANOL",COLCHE2,"COLONIAL CHEMICAL SOLUTIONS, INC",0022064,2024-04-01,7000,6982,18,$1.4530,$26.15
500200,"CHEM - METHANOL",COLCHE2,"COLONIAL CHEMICAL SOLUTIONS, INC",0021943,2024-02-29,7000,6986,14,$1.4680,$20.55
500200,"CHEM - METHANOL",COLCHE2,"COLONIAL CHEMICAL SOLUTIONS, INC",0021931,2024-02-26,7000,6992,8,$1.4680,$11.74
500200,"CHEM - METHANOL",COLCHE2,"COLONIAL CHEMICAL SOLUTIONS, INC",0021633,2023-11-16,7000,6984,16,$1.3700,$21.92
500200,"CHEM - METHANOL",COLCHE2,"COLONIAL CHEMICAL SOLUTIONS, INC",0021622,2023-11-15,7000,6984,16,$1.3700,$21.92
500200,"CHEM - METHANOL",COLCHE2,"COLONIAL CHEMICAL SOLUTIONS, INC",0021615,2023-11-14,7000,6969,31,$1.3700,$42.47
500200,"CHEM - METHANOL",COLCHE2,"COLONIAL CHEMICAL SOLUTIONS, INC",0021607,2023-11-08,7000,6989,11,$1.3700,$15.07
500200,"CHEM - METHANOL",COLCHE2,"COLONIAL CHEMICAL SOLUTIONS, INC",0021596,2023-11-06,7000,6965,35,$1.3700,$47.95
500200,"CHEM - METHANOL",COLCHE2,"COLONIAL CHEMICAL SOLUTIONS, INC",0021597,2023-11-06,7000,6988,12,$1.3700,$16.44
500200,"CHEM - METHANOL",COLCHE2,"COLONIAL CHEMICAL SOLUTIONS, INC",0021588,2023-11-02,7000,6975,25,$1.3700,$34.25
500200,"CHEM - METHANOL",COLCHE2,"COLONIAL CHEMICAL SOLUTIONS, INC",0021586,2023-11-01,7000,6978,22,$1.3700,$30.14
500200,"CHEM - METHANOL",COLCHE2,"COLONIAL CHEMICAL SOLUTIONS, INC",0021587,2023-11-01,7000,6979,21,$1.3700,$28.77
500200,"CHEM - METHANOL",COLCHE2,"COLONIAL CHEMICAL SOLUTIONS, INC",0021570,2023-10-31,7000,6982,18,$1.3700,$24.66
500200,"CHEM - METHANOL",COLCHE2,"COLONIAL CHEMICAL SOLUTIONS, INC",0021535,2023-10-26,7000,6959,41,$1.3700,$56.17
500200,"CHEM - METHANOL",COLCHE2,"COLONIAL CHEMICAL SOLUTIONS, INC",0021522,2023-10-23,7000,6942,58,$1.1900,$69.02
500200,"CHEM - METHANOL",COLCHE2,"COLONIAL CHEMICAL SOLUTIONS, INC",0021514,2023-10-18,7000,6940,60,$1.1900,$71.40
500200,"CHEM - METHANOL",COLCHE2,"COLONIAL CHEMICAL SOLUTIONS, INC",0021508,2023-10-17,7000,6946,54,$1.1900,$64.26
500200,"CHEM - METHANOL",COLCHE2,"COLONIAL CHEMICAL SOLUTIONS, INC",0021485,2023-10-09,7000,6949,51,$1.1900,$60.69
500200,"CHEM - METHANOL",COLCHE2,"COLONIAL CHEMICAL SOLUTIONS, INC",0021464,2023-09-28,7000,6913,87,$1.1900,$103.53
500200,"CHEM - METHANOL",COLCHE2,"COLONIAL CHEMICAL SOLUTIONS, INC",0021433,2023-09-25,7000,6906,94,$1.1900,$111.86
500200,"CHEM - METHANOL",COLCHE2,"COLONIAL CHEMICAL SOLUTIONS, INC",0021417,2023-09-19,7000,6894,106,$1.1800,$125.08
500200,"CHEM - METHANOL",COLCHE2,"COLONIAL CHEMICAL SOLUTIONS, INC",0021337,2023-08-28,7000,6875,125,$1.1800,$147.50
500200,"CHEM - METHANOL",COLCHE2,"COLONIAL CHEMICAL SOLUTIONS, INC",0021317,2023-08-23,7000,6868,132,$1.1800,$155.76
500200,"CHEM - METHANOL",COLCHE2,"COLONIAL CHEMICAL SOLUTIONS, INC",0021273,2023-08-08,7000,6881,119,$1.1800,$140.42
500200,"CHEM - METHANOL",COLCHE2,"COLONIAL CHEMICAL SOLUTIONS, INC",0021259,2023-07-31,7000,6884,116,$1.1800,$136.88
500200,"CHEM - METHANOL",COLCHE2,"COLONIAL CHEMICAL SOLUTIONS, INC",0021206,2023-07-17,7000,6891,109,$1.2350,$134.62
500200,"CHEM - METHANOL",COLCHE2,"COLONIAL CHEMICAL SOLUTIONS, INC",0021207,2023-07-17,7000,6883,117,$1.2350,$144.50
500200,"CHEM - METHANOL",COLCHE2,"COLONIAL CHEMICAL SOLUTIONS, INC",0021162,2023-06-22,7000,6885,115,$1.2350,$142.03
500200,"CHEM - METHANOL",COLCHE2,"COLONIAL CHEMICAL SOLUTIONS, INC",0021107,2023-06-13,7000,6915,85,$1.2750,$108.37
500200,"CHEM - METHANOL",COLCHE2,"COLONIAL CHEMICAL SOLUTIONS, INC",0021084,2023-06-05,7000,6905,95,$1.2750,$121.12
500200,"CHEM - METHANOL",COLCHE2,"COLONIAL CHEMICAL SOLUTIONS, INC",0021064,2023-05-31,7000,6916,84,$1.2750,$107.10
500200,"CHEM - METHANOL",COLCHE2,"COLONIAL CHEMICAL SOLUTIONS, INC",0021030,2023-05-18,7000,6923,77,$1.2950,$99.71
500200,"CHEM - METHANOL",COLCHE2,"COLONIAL CHEMICAL SOLUTIONS, INC",0020994,2023-05-15,7000,6926,74,$1.2950,$95.83
500200,"CHEM - METHANOL",COLCHE2,"COLONIAL CHEMICAL SOLUTIONS, INC",0020974,2023-05-04,7000,6941,59,$1.2950,$76.41
500200,"CHEM - METHANOL",COLCHE2,"COLONIAL CHEMICAL SOLUTIONS, INC",0020945,2023-04-27,7000,6954,46,$1.2950,$59.57
500200,"CHEM - METHANOL",COLCHE2,"COLONIAL CHEMICAL SOLUTIONS, INC",0020907,2023-04-20,7000,6951,49,$1.2950,$63.45
500200,"CHEM - METHANOL",COLCHE2,"COLONIAL CHEMICAL SOLUTIONS, INC",0020868,2023-04-17,7000,6948,52,$1.2950,$67.34
500200,"CHEM - METHANOL",COLCHE2,"COLONIAL CHEMICAL SOLUTIONS, INC",0020817,2023-04-03,7000,6962,38,$1.3300,$50.54
500200,"CHEM - METHANOL",COLCHE2,"COLONIAL CHEMICAL SOLUTIONS, INC",0020804,2023-03-27,7000,6965,35,$1.3300,$46.55
500200,"CHEM - METHANOL",COLCHE2,"COLONIAL CHEMICAL SOLUTIONS, INC",0020764,2023-03-13,7000,6990,10,$1.4300,$14.30
500200,"CHEM - METHANOL",COLCHE2,"COLONIAL CHEMICAL SOLUTIONS, INC",0020691,2023-02-27,7000,6960,40,$1.4300,$57.20
500200,"CHEM - METHANOL",COLCHE2,"COLONIAL CHEMICAL SOLUTIONS, INC",0020663,2023-02-16,7000,6886,114,$1.4300,$163.02
500200,"CHEM - METHANOL",BERRYMA,"BERRYMAN CHEMICAL, INC.",0020545,2023-01-12,7000,6944,56,$1.4300,$80.08
500200,"CHEM - METHANOL",BERRYMA,"BERRYMAN CHEMICAL, INC.",0020508,2023-01-03,7000,6944,56,$1.4300,$80.08
500200,"CHEM - METHANOL",BERRYMA,"BERRYMAN CHEMICAL, INC.",0020492,2022-12-27,7000,6910,90,$1.4300,$128.70
500200,"CHEM - METHANOL",BERRYMA,"BERRYMAN CHEMICAL, INC.",0020373,2022-11-15,7000,6972,28,$1.4900,$41.72
500200,"CHEM - METHANOL",BERRYMA,"BERRYMAN CHEMICAL, INC.",0020315,2022-10-27,7000,6950,50,$1.4900,$74.50
500200,"CHEM - METHANOL",BERRYMA,"BERRYMAN CHEMICAL, INC.",0020303,2022-10-20,7000,6977,23,$1.5400,$35.42
500200,"CHEM - METHANOL",BERRYMA,"BERRYMAN CHEMICAL, INC.",0020256,2022-10-05,7000,6910,90,$1.5400,$138.60
500200,"CHEM - METHANOL",COLCHE2,"COLONIAL CHEMICAL SOLUTIONS, INC",0020215,2022-09-26,7000,6932,68,$1.5400,$104.72
500200,"CHEM - METHANOL",COLCHEM,"COLONIAL CHEMICAL, INC.",0019696,2022-03-28,7000,6939,61,$1.8940,$115.53
500200,"CHEM - METHANOL",COLCHEM,"COLONIAL CHEMICAL, INC.",0019659,2022-03-18,7000,6944,56,$1.7375,$97.30
500200,"CHEM - METHANOL",COLCHE2,"COLONIAL CHEMICAL SOLUTIONS, INC",0019249,2021-12-02,7000,6964,36,$1.8975,$68.31
500200,"CHEM - METHANOL",COLCHE2,"COLONIAL CHEMICAL SOLUTIONS, INC",0019250,2021-12-02,7000,6953,47,$1.8975,$89.18
500200,"CHEM - METHANOL",COLCHE2,"COLONIAL CHEMICAL SOLUTIONS, INC",0019251,2021-12-02,7000,6968,32,$1.8975,$60.72
500200,"CHEM - METHANOL",COLCHE2,"COLONIAL CHEMICAL SOLUTIONS, INC",0019252,2021-12-02,7000,6982,18,$1.8975,$34.16
500200,"CHEM - METHANOL",COLCHE2,"COLONIAL CHEMICAL SOLUTIONS, INC",0019253,2021-12-02,7000,6964,36,$1.8975,$68.31
500200,"CHEM - METHANOL",COLCHE2,"COLONIAL CHEMICAL SOLUTIONS, INC",0019257,2021-12-02,7000,6958,42,$1.8975,$79.69
500200,"CHEM - METHANOL",COLCHE2,"COLONIAL CHEMICAL SOLUTIONS, INC",0019258,2021-12-02,7000,6998,2,$1.8975,$3.79
500200,"CHEM - METHANOL",COLCHE2,"COLONIAL CHEMICAL SOLUTIONS, INC",0019176,2021-11-16,7000,6956,44,$1.8975,$83.49
500200,"CHEM - METHANOL",COLCHE2,"COLONIAL CHEMICAL SOLUTIONS, INC",0019177,2021-11-16,7000,6974,26,$1.8975,$49.34
500200,"CHEM - METHANOL",COLCHE2,"COLONIAL CHEMICAL SOLUTIONS, INC",0019178,2021-11-16,7000,6979,21,$1.8975,$39.85
500200,"CHEM - METHANOL",COLCHE2,"COLONIAL CHEMICAL SOLUTIONS, INC",0019151,2021-11-08,7000,6967,33,$1.8975,$62.62
500200,"CHEM - METHANOL",COLCHE2,"COLONIAL CHEMICAL SOLUTIONS, INC",0019146,2021-11-04,7000,6987,13,$1.8975,$24.67
500200,"CHEM - METHANOL",COLCHE2,"COLONIAL CHEMICAL SOLUTIONS, INC",0019139,2021-11-01,7000,6946,54,$1.8975,$102.47
500200,"CHEM - METHANOL",COLCHE2,"COLONIAL CHEMICAL SOLUTIONS, INC",0019100,2021-10-26,7000,6928,72,$1.8975,$136.62
500200,"CHEM - METHANOL",COLCHE2,"COLONIAL CHEMICAL SOLUTIONS, INC",0019101,2021-10-26,7000,6955,45,$1.8975,$85.39
500200,"CHEM - METHANOL",COLCHE2,"COLONIAL CHEMICAL SOLUTIONS, INC",0019102,2021-10-26,7000,6974,26,$1.8975,$49.34
500200,"CHEM - METHANOL",COLCHE2,"COLONIAL CHEMICAL SOLUTIONS, INC",0019079,2021-10-20,7000,6925,75,$1.7850,$133.88
500200,"CHEM - METHANOL",COLCHE2,"COLONIAL CHEMICAL SOLUTIONS, INC",0019061,2021-10-13,7000,6912,88,$1.7850,$157.08
500200,"CHEM - METHANOL",COLCHE2,"COLONIAL CHEMICAL SOLUTIONS, INC",0019062,2021-10-13,7000,6900,100,$1.7850,$178.50
500200,"CHEM - METHANOL",COLCHE2,"COLONIAL CHEMICAL SOLUTIONS, INC",0019015,2021-10-04,7000,6931,69,$1.7850,$123.16
500200,"CHEM - METHANOL",COLCHE2,"COLONIAL CHEMICAL SOLUTIONS, INC",0019016,2021-10-04,7000,6909,91,$1.7850,$162.44
500200,"CHEM - METHANOL",COLCHE2,"COLONIAL CHEMICAL SOLUTIONS, INC",0018974,2021-09-20,7000,6875,125,$1.7850,$223.13
500200,"CHEM - METHANOL",COLCHE2,"COLONIAL CHEMICAL SOLUTIONS, INC",0018975,2021-09-20,7000,6897,103,$1.7850,$183.85
500200,"CHEM - METHANOL",COLCHE2,"COLONIAL CHEMICAL SOLUTIONS, INC",0018952,2021-09-14,7000,6929,71,$1.7500,$124.25
500200,"CHEM - METHANOL",COLCHE2,"COLONIAL CHEMICAL SOLUTIONS, INC",0018938,2021-09-09,7000,6890,110,$1.7500,$192.50
500200,"CHEM - METHANOL",COLCHE2,"COLONIAL CHEMICAL SOLUTIONS, INC",0018835,2021-08-09,7000,6893,107,$1.6000,$171.20
500200,"CHEM - METHANOL",COLCHE2,"COLONIAL CHEMICAL SOLUTIONS, INC",0018826,2021-08-03,7000,6876,124,$1.6000,$198.40
500200,"CHEM - METHANOL",COLCHE2,"COLONIAL CHEMICAL SOLUTIONS, INC",0018679,2021-06-21,7000,6882,118,$1.6523,$194.97
500200,"CHEM - METHANOL",COLCHE2,"COLONIAL CHEMICAL SOLUTIONS, INC",0018662,2021-06-17,7000,6864,136,$1.6523,$224.71
500200,"CHEM - METHANOL",COLCHE2,"COLONIAL CHEMICAL SOLUTIONS, INC",0018592,2021-06-01,7000,6884,116,$1.6523,$191.67
500200,"CHEM - METHANOL",COLCHE2,"COLONIAL CHEMICAL SOLUTIONS, INC",0018577,2021-05-26,7000,6905,95,$1.6523,$156.97
500200,"CHEM - METHANOL",COLCHE2,"COLONIAL CHEMICAL SOLUTIONS, INC",0018475,2021-05-05,7000,6878,122,$1.6523,$201.58
500200,"CHEM - METHANOL",COLCHE2,"COLONIAL CHEMICAL SOLUTIONS, INC",0018406,2021-04-26,7000,6929,71,$1.6523,$117.31
500200,"CHEM - METHANOL",COLCHE2,"COLONIAL CHEMICAL SOLUTIONS, INC",0018388,2021-04-19,7000,6928,72,$1.6173,$116.45
500200,"CHEM - METHANOL",COLCHE2,"COLONIAL CHEMICAL SOLUTIONS, INC",0018336,2021-04-05,7000,6922,78,$1.6173,$126.15
500200,"CHEM - METHANOL",COLCHE2,"COLONIAL CHEMICAL SOLUTIONS, INC",0017676,2020-11-04,7000,6921,79,$1.2350,$97.57
500200,"CHEM - METHANOL",COLCHE2,"COLONIAL CHEMICAL SOLUTIONS, INC",0017652,2020-11-03,7000,6935,65,$1.2350,$80.28
502403,"CAP-38MM CRC 809 WHITE HDPE",TKSUPPL,"T K SUPPLIES",0024650,2025-12-15,595000,0,595000,$0.0640,"$38,080.00"
